"Nome do projeto","Code Sprint"
"Intervalo de datas","01/12/2026 00:00 - 01/14/2026 23:59"


"Novos usuários","Sim"
"URL visitada corresponde ao regex","^https://www\.codesprint\.com\.br/(\?.*)?$"

"Total de sessões","76"

"Novos usuários","Sim"
"URL visitada corresponde ao regex","^https://www\.codesprint\.com\.br/(\?.*)?$"

"Data","Horário","Duração da sessão","URL de entrada","URL de saída","Referenciador:","ID de usuário de clareza","Navegador","Dispositivo","OS","País/Região","Contagem de páginas","Cliques na sessão","Favorito","Link de gravação"
"01/14/2026","12:46","00:10","https://www.codesprint.com.br/?utm_medium=paid&utm_source=ig&utm_id=120238219537360008&utm_content=120238219538330008&utm_term=120238219537530008&utm_campaign=120238219537360008&fbclid=PAZXh0bgNhZW0BMABhZGlkAassBgxEUchzcnRjBmFwcF9pZA81NjcwNjczNDMzNTI0MjcAAadRf_yZ13WIv-4diBAWNVYW_QHfWq4lJbsONIz0D9AoSEvBVb3T3IWeD-8rUg_aem_kc_cpI1V6a_vk_WEF69wMQ","https://www.codesprint.com.br/?utm_medium=paid&utm_source=ig&utm_id=120238219537360008&utm_content=120238219538330008&utm_term=120238219537530008&utm_campaign=120238219537360008&fbclid=PAZXh0bgNhZW0BMABhZGlkAassBgxEUchzcnRjBmFwcF9pZA81NjcwNjczNDMzNTI0MjcAAadRf_yZ13WIv-4diBAWNVYW_QHfWq4lJbsONIz0D9AoSEvBVb3T3IWeD-8rUg_aem_kc_cpI1V6a_vk_WEF69wMQ","http://instagram.com/","16ki6v5","InstagramApp","Mobile","Android","Brazil","2","0","FALSE","https://clarity.microsoft.com/player/v144xksgk2/16ki6v5/y9jyce/?ss=1768405602000&sd=10"
"01/14/2026","12:46","00:05","https://www.codesprint.com.br/?utm_medium=paid&utm_source=ig&utm_id=120238219378280008&utm_content=120238219379850008&utm_term=120238219378430008&utm_campaign=120238219378280008&fbclid=PAZXh0bgNhZW0BMABhZGlkAassBgNyBMhzcnRjBmFwcF9pZA81NjcwNjczNDMzNTI0MjcAAac6OhEuLFVkbZi3FWJLIQ4Tq-LQw7UiywAnqOEhhu5e3yPDuXv6zBeYC77g2A_aem_DXLhkdqbGso12iAWOwVxmQ","https://www.codesprint.com.br/?utm_medium=paid&utm_source=ig&utm_id=120238219378280008&utm_content=120238219379850008&utm_term=120238219378430008&utm_campaign=120238219378280008&fbclid=PAZXh0bgNhZW0BMABhZGlkAassBgNyBMhzcnRjBmFwcF9pZA81NjcwNjczNDMzNTI0MjcAAac6OhEuLFVkbZi3FWJLIQ4Tq-LQw7UiywAnqOEhhu5e3yPDuXv6zBeYC77g2A_aem_DXLhkdqbGso12iAWOwVxmQ","http://instagram.com/","eytw2y","InstagramApp","Mobile","Android","Brazil","2","0","FALSE","https://clarity.microsoft.com/player/v144xksgk2/eytw2y/gm68op/?ss=1768405598000&sd=5"
"01/14/2026","12:41","00:01","https://www.codesprint.com.br/?utm_medium=paid&utm_source=ig&utm_id=120238210664700008&utm_content=120238210665180008&utm_term=120238210664950008&utm_campaign=120238210664700008&fbclid=PAZXh0bgNhZW0BMABhZGlkAassA_u0H-hzcnRjBmFwcF9pZA81NjcwNjczNDMzNTI0MjcAAafG4UjoKtjKKqITwpA6ouPDIM45vzroYgu2tagtLd_Wj5k05MOC2AgGPRK8NQ_aem_Z59b6cKcVNMvAHrJk0jYTA","https://www.codesprint.com.br/?utm_medium=paid&utm_source=ig&utm_id=120238210664700008&utm_content=120238210665180008&utm_term=120238210664950008&utm_campaign=120238210664700008&fbclid=PAZXh0bgNhZW0BMABhZGlkAassA_u0H-hzcnRjBmFwcF9pZA81NjcwNjczNDMzNTI0MjcAAafG4UjoKtjKKqITwpA6ouPDIM45vzroYgu2tagtLd_Wj5k05MOC2AgGPRK8NQ_aem_Z59b6cKcVNMvAHrJk0jYTA","http://instagram.com/","73ank0","InstagramApp","Mobile","Android","Brazil","1","0","FALSE","https://clarity.microsoft.com/player/v144xksgk2/73ank0/53b7m7/?ss=1768405265000&sd=1"
"01/14/2026","12:31","00:08","https://www.codesprint.com.br/?utm_medium=paid&utm_source=ig&utm_id=120238219537360008&utm_content=120238219538330008&utm_term=120238219537530008&utm_campaign=120238219537360008&fbclid=PAZXh0bgNhZW0BMABhZGlkAassBgxEUchzcnRjBmFwcF9pZA81NjcwNjczNDMzNTI0MjcAAafWpaV9YEcsQbwFG1vDAEfduEP5Lb5ImFpyMwoxR-dH3KU1zy9wvBFhoDeSTw_aem_9VYvfEMDrJUUSldTHqrNVw","https://www.codesprint.com.br/?utm_medium=paid&utm_source=ig&utm_id=120238219537360008&utm_content=120238219538330008&utm_term=120238219537530008&utm_campaign=120238219537360008&fbclid=PAZXh0bgNhZW0BMABhZGlkAassBgxEUchzcnRjBmFwcF9pZA81NjcwNjczNDMzNTI0MjcAAafWpaV9YEcsQbwFG1vDAEfduEP5Lb5ImFpyMwoxR-dH3KU1zy9wvBFhoDeSTw_aem_9VYvfEMDrJUUSldTHqrNVw","http://instagram.com/","vtanwy","InstagramApp","Mobile","Android","Brazil","2","0","FALSE","https://clarity.microsoft.com/player/v144xksgk2/vtanwy/1q6svew/?ss=1768404676000&sd=8"
"01/14/2026","12:25","00:11","https://www.codesprint.com.br/?utm_medium=paid&utm_source=ig&utm_id=120238219537360008&utm_content=120238219538330008&utm_term=120238219537530008&utm_campaign=120238219537360008&fbclid=PAZXh0bgNhZW0BMABhZGlkAassBgxEUchzcnRjBmFwcF9pZA81NjcwNjczNDMzNTI0MjcAAacdIczXterYvB485uqoj-SkbI5UKMXkDzV2BKIQlZ-59VgVzrC35gqXMh8a7A_aem_9gq5fS8ToDptCk2zOQ5PNg","https://www.codesprint.com.br/?utm_medium=paid&utm_source=ig&utm_id=120238219537360008&utm_content=120238219538330008&utm_term=120238219537530008&utm_campaign=120238219537360008&fbclid=PAZXh0bgNhZW0BMABhZGlkAassBgxEUchzcnRjBmFwcF9pZA81NjcwNjczNDMzNTI0MjcAAacdIczXterYvB485uqoj-SkbI5UKMXkDzV2BKIQlZ-59VgVzrC35gqXMh8a7A_aem_9gq5fS8ToDptCk2zOQ5PNg","http://instagram.com/","1jjzpyk","InstagramApp","Mobile","Android","Brazil","1","0","FALSE","https://clarity.microsoft.com/player/v144xksgk2/1jjzpyk/19febi4/?ss=1768404349000&sd=11"
"01/14/2026","12:23","00:03","https://www.codesprint.com.br/?utm_medium=paid&utm_source=ig&utm_id=120238210664700008&utm_content=120238210665180008&utm_term=120238210664950008&utm_campaign=120238210664700008&fbclid=PAZXh0bgNhZW0BMABhZGlkAassA_u0H-hzcnRjBmFwcF9pZA81NjcwNjczNDMzNTI0MjcAAadq9UUJTshgpw0Q8CV5DHUveTaxC29KdCMAkxy7PJoX9puV6-zVCo4X-nepew_aem_oqGagKQtSn26ZSzzFvZ9HA","https://www.codesprint.com.br/?utm_medium=paid&utm_source=ig&utm_id=120238210664700008&utm_content=120238210665180008&utm_term=120238210664950008&utm_campaign=120238210664700008&fbclid=PAZXh0bgNhZW0BMABhZGlkAassA_u0H-hzcnRjBmFwcF9pZA81NjcwNjczNDMzNTI0MjcAAadq9UUJTshgpw0Q8CV5DHUveTaxC29KdCMAkxy7PJoX9puV6-zVCo4X-nepew_aem_oqGagKQtSn26ZSzzFvZ9HA","http://instagram.com/","2a0tlm","InstagramApp","Mobile","Android","Brazil","1","0","FALSE","https://clarity.microsoft.com/player/v144xksgk2/2a0tlm/11afz93/?ss=1768404205000&sd=3"
"01/14/2026","12:23","00:08","https://www.codesprint.com.br/?utm_medium=paid&utm_source=ig&utm_id=120238219537360008&utm_content=120238219538330008&utm_term=120238219537530008&utm_campaign=120238219537360008&fbclid=PAZXh0bgNhZW0BMABhZGlkAassBgxEUchzcnRjBmFwcF9pZA81NjcwNjczNDMzNTI0MjcAAaf05W2uh29458Pjuhr70b8UBPl4LHNNPcd6Pq2dRIBtTyRl3R5ydFCU3isrsw_aem_DI0euLyhbRIa_Skfodjk6g","https://www.codesprint.com.br/?utm_medium=paid&utm_source=ig&utm_id=120238219537360008&utm_content=120238219538330008&utm_term=120238219537530008&utm_campaign=120238219537360008&fbclid=PAZXh0bgNhZW0BMABhZGlkAassBgxEUchzcnRjBmFwcF9pZA81NjcwNjczNDMzNTI0MjcAAaf05W2uh29458Pjuhr70b8UBPl4LHNNPcd6Pq2dRIBtTyRl3R5ydFCU3isrsw_aem_DI0euLyhbRIa_Skfodjk6g","http://instagram.com/","1gom99t","InstagramApp","Mobile","Android","Brazil","2","0","FALSE","https://clarity.microsoft.com/player/v144xksgk2/1gom99t/xef34a/?ss=1768404203000&sd=8"
"01/14/2026","12:22","00:04","https://www.codesprint.com.br/?utm_medium=paid&utm_source=ig&utm_id=120238210664700008&utm_content=120238210665180008&utm_term=120238210664950008&utm_campaign=120238210664700008&fbclid=PAZXh0bgNhZW0BMABhZGlkAassA_u0H-hzcnRjBmFwcF9pZA81NjcwNjczNDMzNTI0MjcAAacN5nXsOXEyC8ykLDJq2nX8IvhqnTkbABnautBMAopA1fnFGMTSk3mmyWEqkQ_aem_iDdbHRmIaNtTr7HORFzttA","https://www.codesprint.com.br/?utm_medium=paid&utm_source=ig&utm_id=120238210664700008&utm_content=120238210665180008&utm_term=120238210664950008&utm_campaign=120238210664700008&fbclid=PAZXh0bgNhZW0BMABhZGlkAassA_u0H-hzcnRjBmFwcF9pZA81NjcwNjczNDMzNTI0MjcAAacN5nXsOXEyC8ykLDJq2nX8IvhqnTkbABnautBMAopA1fnFGMTSk3mmyWEqkQ_aem_iDdbHRmIaNtTr7HORFzttA","http://instagram.com/","ncpjw3","InstagramApp","Mobile","Android","Brazil","1","0","FALSE","https://clarity.microsoft.com/player/v144xksgk2/ncpjw3/6a0fc9/?ss=1768404150000&sd=4"
"01/14/2026","12:22","00:01","https://www.codesprint.com.br/?utm_medium=paid&utm_source=ig&utm_id=120238210664700008&utm_content=120238210665180008&utm_term=120238210664950008&utm_campaign=120238210664700008&fbclid=PAZXh0bgNhZW0BMABhZGlkAassA_u0H-hzcnRjBmFwcF9pZA81NjcwNjczNDMzNTI0MjcAAacN5nXsOXEyC8ykLDJq2nX8IvhqnTkbABnautBMAopA1fnFGMTSk3mmyWEqkQ_aem_iDdbHRmIaNtTr7HORFzttA","https://www.codesprint.com.br/?utm_medium=paid&utm_source=ig&utm_id=120238210664700008&utm_content=120238210665180008&utm_term=120238210664950008&utm_campaign=120238210664700008&fbclid=PAZXh0bgNhZW0BMABhZGlkAassA_u0H-hzcnRjBmFwcF9pZA81NjcwNjczNDMzNTI0MjcAAacN5nXsOXEyC8ykLDJq2nX8IvhqnTkbABnautBMAopA1fnFGMTSk3mmyWEqkQ_aem_iDdbHRmIaNtTr7HORFzttA","http://instagram.com/","ncpjw3","InstagramApp","Mobile","Android","Brazil","1","0","FALSE","https://clarity.microsoft.com/player/v144xksgk2/ncpjw3/1nkdos9/?ss=1768404145000&sd=1"
"01/14/2026","12:21","00:02","https://www.codesprint.com.br/?utm_medium=paid&utm_source=ig&utm_id=120238219537360008&utm_content=120238219538330008&utm_term=120238219537530008&utm_campaign=120238219537360008&fbclid=PAZXh0bgNhZW0BMABhZGlkAassBgxEUchzcnRjBmFwcF9pZA81NjcwNjczNDMzNTI0MjcAAad3MkX6-gWoPfozSwOJAIfCR2wywvJDELme7JoWvwcgdQK0ODZmLaSLb7fRsA_aem_4JQUeGfvcObSkZ9wwgg2fg","https://www.codesprint.com.br/?utm_medium=paid&utm_source=ig&utm_id=120238219537360008&utm_content=120238219538330008&utm_term=120238219537530008&utm_campaign=120238219537360008&fbclid=PAZXh0bgNhZW0BMABhZGlkAassBgxEUchzcnRjBmFwcF9pZA81NjcwNjczNDMzNTI0MjcAAad3MkX6-gWoPfozSwOJAIfCR2wywvJDELme7JoWvwcgdQK0ODZmLaSLb7fRsA_aem_4JQUeGfvcObSkZ9wwgg2fg","http://instagram.com/","9pfhip","InstagramApp","Mobile","Android","Brazil","1","0","FALSE","https://clarity.microsoft.com/player/v144xksgk2/9pfhip/1t5ntjl/?ss=1768404105000&sd=2"
"01/14/2026","12:14","00:06","https://www.codesprint.com.br/?utm_medium=paid&utm_source=ig&utm_id=120238219251220008&utm_content=120238219253760008&utm_term=120238219251880008&utm_campaign=120238219251220008&fbclid=PAZXh0bgNhZW0BMABhZGlkAassBfvDUDhzcnRjBmFwcF9pZA81NjcwNjczNDMzNTI0MjcAAaexRLOI-k3-ccqgZbjWTGw9J_aiDNqz6uvgnDVssOSVMFeFuTTEAmTj-jYmPA_aem_ZzYz8U9jWMdKdMrBfhUzvg","https://www.codesprint.com.br/?utm_medium=paid&utm_source=ig&utm_id=120238219251220008&utm_content=120238219253760008&utm_term=120238219251880008&utm_campaign=120238219251220008&fbclid=PAZXh0bgNhZW0BMABhZGlkAassBfvDUDhzcnRjBmFwcF9pZA81NjcwNjczNDMzNTI0MjcAAaexRLOI-k3-ccqgZbjWTGw9J_aiDNqz6uvgnDVssOSVMFeFuTTEAmTj-jYmPA_aem_ZzYz8U9jWMdKdMrBfhUzvg","http://instagram.com/","1soc362","InstagramApp","Mobile","Android","Brazil","1","0","FALSE","https://clarity.microsoft.com/player/v144xksgk2/1soc362/1bip113/?ss=1768403659000&sd=6"
"01/14/2026","12:11","00:07","https://www.codesprint.com.br/?utm_medium=paid&utm_source=ig&utm_id=120238210664700008&utm_content=120238210665180008&utm_term=120238210664950008&utm_campaign=120238210664700008&fbclid=PAZXh0bgNhZW0BMABhZGlkAassA_u0H-hzcnRjBmFwcF9pZA81NjcwNjczNDMzNTI0MjcAAac9IUMB519oNFNE5lWkGsUmjA8RgJx6ElWcrJTSwvgZylmkC-kHHQp7MxGROw_aem_QVMeYqJKUzXokfjrlWv2SA","https://www.codesprint.com.br/?utm_medium=paid&utm_source=ig&utm_id=120238210664700008&utm_content=120238210665180008&utm_term=120238210664950008&utm_campaign=120238210664700008&fbclid=PAZXh0bgNhZW0BMABhZGlkAassA_u0H-hzcnRjBmFwcF9pZA81NjcwNjczNDMzNTI0MjcAAac9IUMB519oNFNE5lWkGsUmjA8RgJx6ElWcrJTSwvgZylmkC-kHHQp7MxGROw_aem_QVMeYqJKUzXokfjrlWv2SA","http://instagram.com/","1kv4q9d","InstagramApp","Mobile","Android","Brazil","2","0","FALSE","https://clarity.microsoft.com/player/v144xksgk2/1kv4q9d/bs0yl/?ss=1768403493000&sd=7"
"01/14/2026","12:09","00:06","https://www.codesprint.com.br/?utm_medium=paid&utm_source=ig&utm_id=120238219537360008&utm_content=120238219538330008&utm_term=120238219537530008&utm_campaign=120238219537360008&fbclid=PAZXh0bgNhZW0BMABhZGlkAassBgxEUchzcnRjBmFwcF9pZA81NjcwNjczNDMzNTI0MjcAAafbSIKgkB-yUmG_o822PNfY02TUaE5XGgypKaiyS3d_FCKTt84l4WR2Vk6wYg_aem_r2cLhXtrwb6mPGSFFVlLHw","https://www.codesprint.com.br/?utm_medium=paid&utm_source=ig&utm_id=120238219537360008&utm_content=120238219538330008&utm_term=120238219537530008&utm_campaign=120238219537360008&fbclid=PAZXh0bgNhZW0BMABhZGlkAassBgxEUchzcnRjBmFwcF9pZA81NjcwNjczNDMzNTI0MjcAAafbSIKgkB-yUmG_o822PNfY02TUaE5XGgypKaiyS3d_FCKTt84l4WR2Vk6wYg_aem_r2cLhXtrwb6mPGSFFVlLHw","http://instagram.com/","1o62k5d","InstagramApp","Mobile","Android","Brazil","1","0","FALSE","https://clarity.microsoft.com/player/v144xksgk2/1o62k5d/145dqcd/?ss=1768403383000&sd=6"
"01/14/2026","12:04","00:03","https://www.codesprint.com.br/?utm_medium=paid&utm_source=ig&utm_id=120238219378280008&utm_content=120238219379850008&utm_term=120238219378430008&utm_campaign=120238219378280008&fbclid=PAZXh0bgNhZW0BMABhZGlkAassBgNyBMhzcnRjBmFwcF9pZA81NjcwNjczNDMzNTI0MjcAAaeBQYeC7kIteN6gsBp0LKNxmxN5vH331ACp_KAkPsp_8W-wGmsVHC6JvtMfJw_aem_j5Zk9cTgGfKeCw9JH2dNeQ","https://www.codesprint.com.br/?utm_medium=paid&utm_source=ig&utm_id=120238219378280008&utm_content=120238219379850008&utm_term=120238219378430008&utm_campaign=120238219378280008&fbclid=PAZXh0bgNhZW0BMABhZGlkAassBgNyBMhzcnRjBmFwcF9pZA81NjcwNjczNDMzNTI0MjcAAaeBQYeC7kIteN6gsBp0LKNxmxN5vH331ACp_KAkPsp_8W-wGmsVHC6JvtMfJw_aem_j5Zk9cTgGfKeCw9JH2dNeQ","http://instagram.com/","3bm24b","InstagramApp","Mobile","Android","Brazil","1","0","FALSE","https://clarity.microsoft.com/player/v144xksgk2/3bm24b/1guciny/?ss=1768403077000&sd=3"
"01/14/2026","12:02","00:09","https://www.codesprint.com.br/?utm_medium=paid&utm_source=ig&utm_id=120238210664700008&utm_content=120238210665180008&utm_term=120238210664950008&utm_campaign=120238210664700008&fbclid=PAZXh0bgNhZW0BMABhZGlkAassA_u0H-hzcnRjBmFwcF9pZA81NjcwNjczNDMzNTI0MjcAAac_qLERAXQGQWKZ8F3Wg8cj2VEnAChf9odZTewxRjUJg9AfYlyPEwriFEV5Iw_aem_-KNwaTYoaYCSpESYYNG1Zg","https://www.codesprint.com.br/?utm_medium=paid&utm_source=ig&utm_id=120238210664700008&utm_content=120238210665180008&utm_term=120238210664950008&utm_campaign=120238210664700008&fbclid=PAZXh0bgNhZW0BMABhZGlkAassA_u0H-hzcnRjBmFwcF9pZA81NjcwNjczNDMzNTI0MjcAAac_qLERAXQGQWKZ8F3Wg8cj2VEnAChf9odZTewxRjUJg9AfYlyPEwriFEV5Iw_aem_-KNwaTYoaYCSpESYYNG1Zg","http://instagram.com/","1gujonk","InstagramApp","Mobile","Android","Brazil","1","0","FALSE","https://clarity.microsoft.com/player/v144xksgk2/1gujonk/offh3i/?ss=1768402973000&sd=9"
"01/14/2026","12:01","00:01","https://www.codesprint.com.br/?utm_medium=paid&utm_source=ig&utm_id=120238219251220008&utm_content=120238219253760008&utm_term=120238219251880008&utm_campaign=120238219251220008&fbclid=PAZXh0bgNhZW0BMABhZGlkAassBfvDUDhzcnRjBmFwcF9pZA81NjcwNjczNDMzNTI0MjcAAafy2OKYfNBW65kdllLSgLQYz2o-5iLAN6OtKAK3Czi5OtL9mXTqGy16g-0kyw_aem_UAFT5MTeZDGuCSyaNeTFqQ","https://www.codesprint.com.br/?utm_medium=paid&utm_source=ig&utm_id=120238219251220008&utm_content=120238219253760008&utm_term=120238219251880008&utm_campaign=120238219251220008&fbclid=PAZXh0bgNhZW0BMABhZGlkAassBfvDUDhzcnRjBmFwcF9pZA81NjcwNjczNDMzNTI0MjcAAafy2OKYfNBW65kdllLSgLQYz2o-5iLAN6OtKAK3Czi5OtL9mXTqGy16g-0kyw_aem_UAFT5MTeZDGuCSyaNeTFqQ","http://instagram.com/","19jpoqg","InstagramApp","Mobile","Android","Brazil","1","0","FALSE","https://clarity.microsoft.com/player/v144xksgk2/19jpoqg/10cko8r/?ss=1768402879000&sd=1"
"01/14/2026","11:58","00:03","https://www.codesprint.com.br/?utm_medium=paid&utm_source=ig&utm_id=120238219378280008&utm_content=120238219379850008&utm_term=120238219378430008&utm_campaign=120238219378280008&fbclid=PAZXh0bgNhZW0BMABhZGlkAassBgNyBMhzcnRjBmFwcF9pZA81NjcwNjczNDMzNTI0MjcAAafikkzfCVY0XgaeIlemX8bLOHywQVejkBiqK0Oi91WZf2zF_7e-Plqs7TKybQ_aem_MaYaSAyLbupfuA7PnhWpdg","https://www.codesprint.com.br/?utm_medium=paid&utm_source=ig&utm_id=120238219378280008&utm_content=120238219379850008&utm_term=120238219378430008&utm_campaign=120238219378280008&fbclid=PAZXh0bgNhZW0BMABhZGlkAassBgNyBMhzcnRjBmFwcF9pZA81NjcwNjczNDMzNTI0MjcAAafikkzfCVY0XgaeIlemX8bLOHywQVejkBiqK0Oi91WZf2zF_7e-Plqs7TKybQ_aem_MaYaSAyLbupfuA7PnhWpdg","http://instagram.com/","1wdukoj","InstagramApp","Mobile","Android","Brazil","1","0","FALSE","https://clarity.microsoft.com/player/v144xksgk2/1wdukoj/1gr5yjx/?ss=1768402703000&sd=3"
"01/14/2026","11:53","00:06","https://www.codesprint.com.br/?utm_medium=paid&utm_source=ig&utm_id=120238210664700008&utm_content=120238210665180008&utm_term=120238210664950008&utm_campaign=120238210664700008&fbclid=PAZXh0bgNhZW0BMABhZGlkAassA_u0H-hzcnRjBmFwcF9pZA81NjcwNjczNDMzNTI0MjcAAaeWYXn6R0gFZR9oPSf4iTafnJlo-w2I-VyW3Q0ggGHBrILxI7LQkWuaRW-fDQ_aem_GqTXCTdky2GsCn8CqgPrnQ","https://www.codesprint.com.br/?utm_medium=paid&utm_source=ig&utm_id=120238210664700008&utm_content=120238210665180008&utm_term=120238210664950008&utm_campaign=120238210664700008&fbclid=PAZXh0bgNhZW0BMABhZGlkAassA_u0H-hzcnRjBmFwcF9pZA81NjcwNjczNDMzNTI0MjcAAaeWYXn6R0gFZR9oPSf4iTafnJlo-w2I-VyW3Q0ggGHBrILxI7LQkWuaRW-fDQ_aem_GqTXCTdky2GsCn8CqgPrnQ","http://instagram.com/","1sta1pj","InstagramApp","Mobile","Android","Brazil","1","0","FALSE","https://clarity.microsoft.com/player/v144xksgk2/1sta1pj/8g9akv/?ss=1768402423000&sd=6"
"01/14/2026","11:46","00:01","https://www.codesprint.com.br/?utm_medium=paid&utm_source=ig&utm_id=120238219537360008&utm_content=120238219538330008&utm_term=120238219537530008&utm_campaign=120238219537360008&fbclid=PAZXh0bgNhZW0BMABhZGlkAassBgxEUchzcnRjBmFwcF9pZA81NjcwNjczNDMzNTI0MjcAAaeaFLkz7jmyvc5QSA9ZNQ1Z36j1jEF0ilmjLtD8o8Uh5LfWiAZA_UYJIxSyUg_aem_pIKnidQuk_fsB9XRnI_1ig","https://www.codesprint.com.br/?utm_medium=paid&utm_source=ig&utm_id=120238219537360008&utm_content=120238219538330008&utm_term=120238219537530008&utm_campaign=120238219537360008&fbclid=PAZXh0bgNhZW0BMABhZGlkAassBgxEUchzcnRjBmFwcF9pZA81NjcwNjczNDMzNTI0MjcAAaeaFLkz7jmyvc5QSA9ZNQ1Z36j1jEF0ilmjLtD8o8Uh5LfWiAZA_UYJIxSyUg_aem_pIKnidQuk_fsB9XRnI_1ig","http://instagram.com/","ffehg4","InstagramApp","Mobile","Android","Brazil","1","0","FALSE","https://clarity.microsoft.com/player/v144xksgk2/ffehg4/x066b7/?ss=1768401974000&sd=1"
"01/14/2026","11:43","00:07","https://www.codesprint.com.br/?utm_medium=paid&utm_source=ig&utm_id=120238210664700008&utm_content=120238210665180008&utm_term=120238210664950008&utm_campaign=120238210664700008&fbclid=PAZXh0bgNhZW0BMABhZGlkAassA_u0H-hzcnRjBmFwcF9pZA81NjcwNjczNDMzNTI0MjcAAaeqRd2s9-PczyDBEyySkS70GVAVTLbZSogJqjrqpxb2lNRQZYF6KClU5G4vhg_aem_aeQ6WcY2NhyYhOf2_FufKQ","https://www.codesprint.com.br/?utm_medium=paid&utm_source=ig&utm_id=120238210664700008&utm_content=120238210665180008&utm_term=120238210664950008&utm_campaign=120238210664700008&fbclid=PAZXh0bgNhZW0BMABhZGlkAassA_u0H-hzcnRjBmFwcF9pZA81NjcwNjczNDMzNTI0MjcAAaeqRd2s9-PczyDBEyySkS70GVAVTLbZSogJqjrqpxb2lNRQZYF6KClU5G4vhg_aem_aeQ6WcY2NhyYhOf2_FufKQ","http://instagram.com/","1g9emwc","InstagramApp","Mobile","Android","Brazil","2","0","FALSE","https://clarity.microsoft.com/player/v144xksgk2/1g9emwc/12eftrc/?ss=1768401816000&sd=7"
"01/14/2026","11:37","00:06","https://www.codesprint.com.br/?utm_medium=paid&utm_source=ig&utm_id=120238210664700008&utm_content=120238210665180008&utm_term=120238210664950008&utm_campaign=120238210664700008&fbclid=PAZXh0bgNhZW0BMABhZGlkAassA_u0H-hzcnRjBmFwcF9pZA81NjcwNjczNDMzNTI0MjcAAafzkdSU6CEBvQjHvK6bYXrTk3gd5ubrkrOBBSjyrzHncV3bEMq5de0S8fQKMg_aem_whCKdwuXmqAERe7KhmTf8w","https://www.codesprint.com.br/?utm_medium=paid&utm_source=ig&utm_id=120238210664700008&utm_content=120238210665180008&utm_term=120238210664950008&utm_campaign=120238210664700008&fbclid=PAZXh0bgNhZW0BMABhZGlkAassA_u0H-hzcnRjBmFwcF9pZA81NjcwNjczNDMzNTI0MjcAAafzkdSU6CEBvQjHvK6bYXrTk3gd5ubrkrOBBSjyrzHncV3bEMq5de0S8fQKMg_aem_whCKdwuXmqAERe7KhmTf8w","http://instagram.com/","1n886cs","InstagramApp","Mobile","Android","Brazil","1","0","FALSE","https://clarity.microsoft.com/player/v144xksgk2/1n886cs/byyek/?ss=1768401443000&sd=6"
"01/14/2026","11:35","00:01","https://www.codesprint.com.br/?utm_medium=paid&utm_source=ig&utm_id=120238219378280008&utm_content=120238219379850008&utm_term=120238219378430008&utm_campaign=120238219378280008&fbclid=PAZXh0bgNhZW0BMABhZGlkAassBgNyBMhzcnRjBmFwcF9pZA81NjcwNjczNDMzNTI0MjcAAadn_3EZfwuaU6N9yAImJbq1ZbNMoxdjTVRql7BT_bMhFogxNiP4TNKFLMgsvw_aem_6ENvMflY33pgmHtNv04UNw","https://www.codesprint.com.br/?utm_medium=paid&utm_source=ig&utm_id=120238219378280008&utm_content=120238219379850008&utm_term=120238219378430008&utm_campaign=120238219378280008&fbclid=PAZXh0bgNhZW0BMABhZGlkAassBgNyBMhzcnRjBmFwcF9pZA81NjcwNjczNDMzNTI0MjcAAadn_3EZfwuaU6N9yAImJbq1ZbNMoxdjTVRql7BT_bMhFogxNiP4TNKFLMgsvw_aem_6ENvMflY33pgmHtNv04UNw","http://instagram.com/","ptjhhd","InstagramApp","Mobile","Android","Brazil","1","0","FALSE","https://clarity.microsoft.com/player/v144xksgk2/ptjhhd/1rm4t2i/?ss=1768401352000&sd=1"
"01/14/2026","11:32","00:01","https://www.codesprint.com.br/?utm_medium=paid&utm_source=ig&utm_id=120238219378280008&utm_content=120238219379850008&utm_term=120238219378430008&utm_campaign=120238219378280008&fbclid=PAZXh0bgNhZW0BMABhZGlkAassBgNyBMhzcnRjBmFwcF9pZA81NjcwNjczNDMzNTI0MjcAAaf_JxYCcEf-wYM1522kP5oDUfuCjIFH9BUEn2ZN1SY_GlHCjSRZ-CgXV6_-Xg_aem_yoy16EqcqyrshF9wI5deHQ","https://www.codesprint.com.br/?utm_medium=paid&utm_source=ig&utm_id=120238219378280008&utm_content=120238219379850008&utm_term=120238219378430008&utm_campaign=120238219378280008&fbclid=PAZXh0bgNhZW0BMABhZGlkAassBgNyBMhzcnRjBmFwcF9pZA81NjcwNjczNDMzNTI0MjcAAaf_JxYCcEf-wYM1522kP5oDUfuCjIFH9BUEn2ZN1SY_GlHCjSRZ-CgXV6_-Xg_aem_yoy16EqcqyrshF9wI5deHQ","http://instagram.com/","1tncq2t","InstagramApp","Mobile","Android","Brazil","1","0","FALSE","https://clarity.microsoft.com/player/v144xksgk2/1tncq2t/47uldr/?ss=1768401133000&sd=1"
"01/14/2026","11:31","00:03","https://www.codesprint.com.br/?utm_medium=paid&utm_source=ig&utm_id=120238219251220008&utm_content=120238219253760008&utm_term=120238219251880008&utm_campaign=120238219251220008&fbclid=PAZXh0bgNhZW0BMABhZGlkAassBfvDUDhzcnRjBmFwcF9pZA81NjcwNjczNDMzNTI0MjcAAaepWb0_SkdvvGUuRIX5JOm-QfcKmBlLtGiXb_hKO2-sb0fc23uFRWC6vBZXQg_aem_-qRwld1cI4cvk6jDPTQ0aw","https://www.codesprint.com.br/?utm_medium=paid&utm_source=ig&utm_id=120238219251220008&utm_content=120238219253760008&utm_term=120238219251880008&utm_campaign=120238219251220008&fbclid=PAZXh0bgNhZW0BMABhZGlkAassBfvDUDhzcnRjBmFwcF9pZA81NjcwNjczNDMzNTI0MjcAAaepWb0_SkdvvGUuRIX5JOm-QfcKmBlLtGiXb_hKO2-sb0fc23uFRWC6vBZXQg_aem_-qRwld1cI4cvk6jDPTQ0aw","http://instagram.com/","syewp0","InstagramApp","Mobile","Android","Brazil","1","0","FALSE","https://clarity.microsoft.com/player/v144xksgk2/syewp0/1t5u48q/?ss=1768401114000&sd=3"
"01/14/2026","11:29","00:09","https://www.codesprint.com.br/?utm_medium=paid&utm_source=ig&utm_id=120238210664700008&utm_content=120238210665180008&utm_term=120238210664950008&utm_campaign=120238210664700008&fbclid=PAZXh0bgNhZW0BMABhZGlkAassA_u0H-hzcnRjBmFwcF9pZA81NjcwNjczNDMzNTI0MjcAAaddBCsX_-gWGuu8NSh38sP-D3KEwU-W5IhSA85RdxX1KO9t83ihf4mYsgyaag_aem_hgB3O63a3tITitFGKjMWtQ","https://www.codesprint.com.br/?utm_medium=paid&utm_source=ig&utm_id=120238210664700008&utm_content=120238210665180008&utm_term=120238210664950008&utm_campaign=120238210664700008&fbclid=PAZXh0bgNhZW0BMABhZGlkAassA_u0H-hzcnRjBmFwcF9pZA81NjcwNjczNDMzNTI0MjcAAaddBCsX_-gWGuu8NSh38sP-D3KEwU-W5IhSA85RdxX1KO9t83ihf4mYsgyaag_aem_hgB3O63a3tITitFGKjMWtQ","http://instagram.com/","q1h4vd","InstagramApp","Mobile","Android","Brazil","1","0","FALSE","https://clarity.microsoft.com/player/v144xksgk2/q1h4vd/1lchf5o/?ss=1768400997000&sd=9"
"01/14/2026","11:24","00:09","https://www.codesprint.com.br/?utm_medium=paid&utm_source=ig&utm_id=120238210664700008&utm_content=120238210665180008&utm_term=120238210664950008&utm_campaign=120238210664700008&fbclid=PAZXh0bgNhZW0BMABhZGlkAassA_u0H-hzcnRjBmFwcF9pZA81NjcwNjczNDMzNTI0MjcAAacXC1dbMKJiDqK9PQB9puvEsq5HG43ngGBxUTo43aK9SJWOKm652izr9A_Aug_aem_8IhYjmDTGyqdQp2bG10LmQ","https://www.codesprint.com.br/?utm_medium=paid&utm_source=ig&utm_id=120238210664700008&utm_content=120238210665180008&utm_term=120238210664950008&utm_campaign=120238210664700008&fbclid=PAZXh0bgNhZW0BMABhZGlkAassA_u0H-hzcnRjBmFwcF9pZA81NjcwNjczNDMzNTI0MjcAAacXC1dbMKJiDqK9PQB9puvEsq5HG43ngGBxUTo43aK9SJWOKm652izr9A_Aug_aem_8IhYjmDTGyqdQp2bG10LmQ","http://instagram.com/","1f5en0e","InstagramApp","Mobile","Android","Brazil","2","0","FALSE","https://clarity.microsoft.com/player/v144xksgk2/1f5en0e/1by8m7w/?ss=1768400648000&sd=9"
"01/14/2026","11:23","05:31","https://www.codesprint.com.br/","https://www.codesprint.com.br/","https://l.facebook.com/","wg521u","Chrome","PC","Windows","Brazil","2","0","FALSE","https://clarity.microsoft.com/player/v144xksgk2/wg521u/1ly5m5s/?ss=1768400607000&sd=331"
"01/14/2026","11:22","00:09","https://www.codesprint.com.br/?utm_medium=paid&utm_source=ig&utm_id=120238219378280008&utm_content=120238219379850008&utm_term=120238219378430008&utm_campaign=120238219378280008&fbclid=PAZXh0bgNhZW0BMABhZGlkAassBgNyBMhzcnRjBmFwcF9pZA81NjcwNjczNDMzNTI0MjcAAadCNR4BChUES0UAqYhvhWpJOLhu87VTWGlSjQfyg7Bt0J23kPQ4S1buwuGBrQ_aem_qPNvrull_y5qsM6Nf54o6g","https://www.codesprint.com.br/?utm_medium=paid&utm_source=ig&utm_id=120238219378280008&utm_content=120238219379850008&utm_term=120238219378430008&utm_campaign=120238219378280008&fbclid=PAZXh0bgNhZW0BMABhZGlkAassBgNyBMhzcnRjBmFwcF9pZA81NjcwNjczNDMzNTI0MjcAAadCNR4BChUES0UAqYhvhWpJOLhu87VTWGlSjQfyg7Bt0J23kPQ4S1buwuGBrQ_aem_qPNvrull_y5qsM6Nf54o6g","http://instagram.com/","9m5qjw","InstagramApp","Mobile","Android","Brazil","2","0","FALSE","https://clarity.microsoft.com/player/v144xksgk2/9m5qjw/172k4t2/?ss=1768400521000&sd=9"
"01/14/2026","11:21","00:09","https://www.codesprint.com.br/?utm_medium=paid&utm_source=ig&utm_id=120238219378280008&utm_content=120238219379850008&utm_term=120238219378430008&utm_campaign=120238219378280008&fbclid=PAZXh0bgNhZW0BMABhZGlkAassBgNyBMhzcnRjBmFwcF9pZA81NjcwNjczNDMzNTI0MjcAAae9aAz9KQhHbl0kz8qwkl9OSCeh72-ltoRZwKL5ISKspgWazxQ5QPHRMCrOqg_aem_to_fEdqeIDn01_bMy1WW4A","https://www.codesprint.com.br/?utm_medium=paid&utm_source=ig&utm_id=120238219378280008&utm_content=120238219379850008&utm_term=120238219378430008&utm_campaign=120238219378280008&fbclid=PAZXh0bgNhZW0BMABhZGlkAassBgNyBMhzcnRjBmFwcF9pZA81NjcwNjczNDMzNTI0MjcAAae9aAz9KQhHbl0kz8qwkl9OSCeh72-ltoRZwKL5ISKspgWazxQ5QPHRMCrOqg_aem_to_fEdqeIDn01_bMy1WW4A","http://instagram.com/","18187xa","InstagramApp","Mobile","Android","Brazil","2","0","FALSE","https://clarity.microsoft.com/player/v144xksgk2/18187xa/jdvuog/?ss=1768400516000&sd=9"
"01/14/2026","11:16","00:01","https://www.codesprint.com.br/?utm_medium=paid&utm_source=ig&utm_id=120238219378280008&utm_content=120238219379850008&utm_term=120238219378430008&utm_campaign=120238219378280008&fbclid=PAZXh0bgNhZW0BMABhZGlkAassBgNyBMhzcnRjBmFwcF9pZA81NjcwNjczNDMzNTI0MjcAAafDScVSWbbLUaJwU_VzcGzn-R7JUNsUtWQp2UZ4_EGDKiKBU7ojeDLyjz3LoA_aem_rn_hwnIQYGAlECZDXy6DTQ","https://www.codesprint.com.br/?utm_medium=paid&utm_source=ig&utm_id=120238219378280008&utm_content=120238219379850008&utm_term=120238219378430008&utm_campaign=120238219378280008&fbclid=PAZXh0bgNhZW0BMABhZGlkAassBgNyBMhzcnRjBmFwcF9pZA81NjcwNjczNDMzNTI0MjcAAafDScVSWbbLUaJwU_VzcGzn-R7JUNsUtWQp2UZ4_EGDKiKBU7ojeDLyjz3LoA_aem_rn_hwnIQYGAlECZDXy6DTQ","http://instagram.com/","16wuxd3","InstagramApp","Mobile","Android","Brazil","1","0","FALSE","https://clarity.microsoft.com/player/v144xksgk2/16wuxd3/2c5554/?ss=1768400179000&sd=1"
"01/14/2026","11:04","00:11","https://www.codesprint.com.br/?utm_medium=paid&utm_source=ig&utm_id=120238210664700008&utm_content=120238210665180008&utm_term=120238210664950008&utm_campaign=120238210664700008&fbclid=PAZXh0bgNhZW0BMABhZGlkAassA_u0H-hzcnRjBmFwcF9pZA81NjcwNjczNDMzNTI0MjcAAadaom-erME-6bjKMJafA6-RMvMCxOx1cAXh40dlyx_73uoFQA_MrmMO2Wsitw_aem_N-zKeAaZoGUpNUH4Oa7iUg","https://www.codesprint.com.br/?utm_medium=paid&utm_source=ig&utm_id=120238210664700008&utm_content=120238210665180008&utm_term=120238210664950008&utm_campaign=120238210664700008&fbclid=PAZXh0bgNhZW0BMABhZGlkAassA_u0H-hzcnRjBmFwcF9pZA81NjcwNjczNDMzNTI0MjcAAadaom-erME-6bjKMJafA6-RMvMCxOx1cAXh40dlyx_73uoFQA_MrmMO2Wsitw_aem_N-zKeAaZoGUpNUH4Oa7iUg","http://instagram.com/","193d81o","InstagramApp","Mobile","Android","Brazil","2","0","FALSE","https://clarity.microsoft.com/player/v144xksgk2/193d81o/1w249rp/?ss=1768399471000&sd=11"
"01/14/2026","10:59","00:01","https://www.codesprint.com.br/?utm_medium=paid&utm_source=ig&utm_id=120238210664700008&utm_content=120238210665180008&utm_term=120238210664950008&utm_campaign=120238210664700008&fbclid=PAYWRpZAGrLAP7tB_oc3J0YwZhcHBfaWQPNTY3MDY3MzQzMzUyNDI3AAGn387wBgV79Ha0_be8b1QVFUtX1fkplTREKlEhvGVLyyQsJfeJtiOsZVLB1us&brid=tHgCuAXUtInxBbYN2VrCKA","https://www.codesprint.com.br/?utm_medium=paid&utm_source=ig&utm_id=120238210664700008&utm_content=120238210665180008&utm_term=120238210664950008&utm_campaign=120238210664700008&fbclid=PAYWRpZAGrLAP7tB_oc3J0YwZhcHBfaWQPNTY3MDY3MzQzMzUyNDI3AAGn387wBgV79Ha0_be8b1QVFUtX1fkplTREKlEhvGVLyyQsJfeJtiOsZVLB1us&brid=tHgCuAXUtInxBbYN2VrCKA","http://instagram.com/","1u12gsg","InstagramApp","Mobile","Android","Brazil","1","0","FALSE","https://clarity.microsoft.com/player/v144xksgk2/1u12gsg/1gzyrp1/?ss=1768399143000&sd=1"
"01/14/2026","10:09","00:03","https://www.codesprint.com.br/?utm_medium=paid&utm_source=ig&utm_id=120238219378280008&utm_content=120238219379850008&utm_term=120238219378430008&utm_campaign=120238219378280008&fbclid=PAZXh0bgNhZW0BMABhZGlkAassBgNyBMhzcnRjBmFwcF9pZA81NjcwNjczNDMzNTI0MjcAAadRu8KbSRhtcx0crB9YP3a6B_Bcg3nJBuHBdBvVvI5noVXSHLEQWTG54G-d6w_aem_yAjjL9ur0rXNzdUr4YJ2oQ","https://www.codesprint.com.br/?utm_medium=paid&utm_source=ig&utm_id=120238219378280008&utm_content=120238219379850008&utm_term=120238219378430008&utm_campaign=120238219378280008&fbclid=PAZXh0bgNhZW0BMABhZGlkAassBgNyBMhzcnRjBmFwcF9pZA81NjcwNjczNDMzNTI0MjcAAadRu8KbSRhtcx0crB9YP3a6B_Bcg3nJBuHBdBvVvI5noVXSHLEQWTG54G-d6w_aem_yAjjL9ur0rXNzdUr4YJ2oQ","http://instagram.com/","1z001a6","InstagramApp","Mobile","Android","Brazil","1","0","FALSE","https://clarity.microsoft.com/player/v144xksgk2/1z001a6/1ownfw8/?ss=1768396182000&sd=3"
"01/14/2026","10:08","00:10","https://www.codesprint.com.br/?utm_medium=paid&utm_source=ig&utm_id=120238219378280008&utm_content=120238219379850008&utm_term=120238219378430008&utm_campaign=120238219378280008&fbclid=PAZXh0bgNhZW0BMABhZGlkAassBgNyBMhzcnRjBmFwcF9pZA81NjcwNjczNDMzNTI0MjcAAacBXFw2lUpEYWE3De39SsqJBD7_pfTDVleyCV9EnJaDwkOHezOUx4YHLatagA_aem_X305x_vUvCPpJvI1yHsYdA","https://www.codesprint.com.br/?utm_medium=paid&utm_source=ig&utm_id=120238219378280008&utm_content=120238219379850008&utm_term=120238219378430008&utm_campaign=120238219378280008&fbclid=PAZXh0bgNhZW0BMABhZGlkAassBgNyBMhzcnRjBmFwcF9pZA81NjcwNjczNDMzNTI0MjcAAacBXFw2lUpEYWE3De39SsqJBD7_pfTDVleyCV9EnJaDwkOHezOUx4YHLatagA_aem_X305x_vUvCPpJvI1yHsYdA","http://instagram.com/","q5pt9e","InstagramApp","Mobile","Android","Brazil","2","0","FALSE","https://clarity.microsoft.com/player/v144xksgk2/q5pt9e/8vw2d/?ss=1768396093000&sd=10"
"01/14/2026","10:05","00:01","https://www.codesprint.com.br/?utm_medium=paid&utm_source=ig&utm_id=120238219537360008&utm_content=120238219538330008&utm_term=120238219537530008&utm_campaign=120238219537360008&fbclid=PAZXh0bgNhZW0BMABhZGlkAassBgxEUchzcnRjBmFwcF9pZA81NjcwNjczNDMzNTI0MjcAAadNb0SbzWQlDvhBthEzMwrGrNHFV5FmCpedOh9EkQn0cL4n3cmwsbJuy3ctYw_aem_I5QRJA48Q-nv5mZxz2LPRw","https://www.codesprint.com.br/?utm_medium=paid&utm_source=ig&utm_id=120238219537360008&utm_content=120238219538330008&utm_term=120238219537530008&utm_campaign=120238219537360008&fbclid=PAZXh0bgNhZW0BMABhZGlkAassBgxEUchzcnRjBmFwcF9pZA81NjcwNjczNDMzNTI0MjcAAadNb0SbzWQlDvhBthEzMwrGrNHFV5FmCpedOh9EkQn0cL4n3cmwsbJuy3ctYw_aem_I5QRJA48Q-nv5mZxz2LPRw","http://instagram.com/","1qsedm6","InstagramApp","Mobile","Android","Brazil","1","0","FALSE","https://clarity.microsoft.com/player/v144xksgk2/1qsedm6/sr866o/?ss=1768395958000&sd=1"
"01/14/2026","10:01","00:04","https://www.codesprint.com.br/?utm_medium=paid&utm_source=ig&utm_id=120238210664700008&utm_content=120238210665180008&utm_term=120238210664950008&utm_campaign=120238210664700008&fbclid=PAZXh0bgNhZW0BMABhZGlkAassA_u0H-hzcnRjBmFwcF9pZA81NjcwNjczNDMzNTI0MjcAAafr_cChWMLRgrjbkfVd9L9SzFD1xtMlBIDGWzO0ZsphYNLHYvb49xippbGdqQ_aem_nDj62Sn4a-StFvOD87Ui4A","https://www.codesprint.com.br/?utm_medium=paid&utm_source=ig&utm_id=120238210664700008&utm_content=120238210665180008&utm_term=120238210664950008&utm_campaign=120238210664700008&fbclid=PAZXh0bgNhZW0BMABhZGlkAassA_u0H-hzcnRjBmFwcF9pZA81NjcwNjczNDMzNTI0MjcAAafr_cChWMLRgrjbkfVd9L9SzFD1xtMlBIDGWzO0ZsphYNLHYvb49xippbGdqQ_aem_nDj62Sn4a-StFvOD87Ui4A","http://instagram.com/","1qwpruo","InstagramApp","Mobile","Android","Brazil","1","0","FALSE","https://clarity.microsoft.com/player/v144xksgk2/1qwpruo/was70l/?ss=1768395705000&sd=4"
"01/14/2026","09:48","00:09","https://www.codesprint.com.br/?utm_medium=paid&utm_source=ig&utm_id=120238219251220008&utm_content=120238219253760008&utm_term=120238219251880008&utm_campaign=120238219251220008&fbclid=PAZXh0bgNhZW0BMABhZGlkAassBfvDUDhzcnRjBmFwcF9pZA81NjcwNjczNDMzNTI0MjcAAafyqN_Is-T6dlk7FYObsKYMNrO68GJB_9snewSGPg0y49BYpeS5zB9l8tE9Lg_aem_TPb-XFiIeN9SOIWKhjVgjQ","https://www.codesprint.com.br/?utm_medium=paid&utm_source=ig&utm_id=120238219251220008&utm_content=120238219253760008&utm_term=120238219251880008&utm_campaign=120238219251220008&fbclid=PAZXh0bgNhZW0BMABhZGlkAassBfvDUDhzcnRjBmFwcF9pZA81NjcwNjczNDMzNTI0MjcAAafyqN_Is-T6dlk7FYObsKYMNrO68GJB_9snewSGPg0y49BYpeS5zB9l8tE9Lg_aem_TPb-XFiIeN9SOIWKhjVgjQ","http://instagram.com/","r6lapw","InstagramApp","Mobile","Android","Brazil","2","0","FALSE","https://clarity.microsoft.com/player/v144xksgk2/r6lapw/eptu29/?ss=1768394906000&sd=9"
"01/14/2026","09:43","00:01","https://www.codesprint.com.br/?utm_medium=paid&utm_source=ig&utm_id=120238219251220008&utm_content=120238219253760008&utm_term=120238219251880008&utm_campaign=120238219251220008&fbclid=PAZXh0bgNhZW0BMABhZGlkAassBfvDUDhzcnRjBmFwcF9pZA81NjcwNjczNDMzNTI0MjcAAacLv_AtWwB1ey9ywE9aDV5utdyZ9vuexKfOmvXVBtxcK9GZ5KuEmSu7PoSHFA_aem_84BIzSimSTCuzVXIbMfV0g","https://www.codesprint.com.br/?utm_medium=paid&utm_source=ig&utm_id=120238219251220008&utm_content=120238219253760008&utm_term=120238219251880008&utm_campaign=120238219251220008&fbclid=PAZXh0bgNhZW0BMABhZGlkAassBfvDUDhzcnRjBmFwcF9pZA81NjcwNjczNDMzNTI0MjcAAacLv_AtWwB1ey9ywE9aDV5utdyZ9vuexKfOmvXVBtxcK9GZ5KuEmSu7PoSHFA_aem_84BIzSimSTCuzVXIbMfV0g","http://instagram.com/","9499n6","InstagramApp","Mobile","Android","Brazil","1","0","FALSE","https://clarity.microsoft.com/player/v144xksgk2/9499n6/pnd1mv/?ss=1768394621000&sd=1"
"01/14/2026","09:29","00:08","https://www.codesprint.com.br/?utm_medium=paid&utm_source=ig&utm_id=120238210664700008&utm_content=120238210665180008&utm_term=120238210664950008&utm_campaign=120238210664700008&fbclid=PAZXh0bgNhZW0BMABhZGlkAassA_u0H-hzcnRjBmFwcF9pZA81NjcwNjczNDMzNTI0MjcAAaf_YF8i5G-3YN0iWK8FUhvUKgVtoFHUYkC93MsTPThQmgSsVyk5mSJ4CY2nyg_aem_Cf71IEgOkacaRSTnSP774Q","https://www.codesprint.com.br/?utm_medium=paid&utm_source=ig&utm_id=120238210664700008&utm_content=120238210665180008&utm_term=120238210664950008&utm_campaign=120238210664700008&fbclid=PAZXh0bgNhZW0BMABhZGlkAassA_u0H-hzcnRjBmFwcF9pZA81NjcwNjczNDMzNTI0MjcAAaf_YF8i5G-3YN0iWK8FUhvUKgVtoFHUYkC93MsTPThQmgSsVyk5mSJ4CY2nyg_aem_Cf71IEgOkacaRSTnSP774Q","http://instagram.com/","32lycv","InstagramApp","Mobile","Android","Brazil","2","0","FALSE","https://clarity.microsoft.com/player/v144xksgk2/32lycv/pusgo3/?ss=1768393760000&sd=8"
"01/14/2026","09:21","00:08","https://www.codesprint.com.br/?utm_medium=paid&utm_source=ig&utm_id=120238219537360008&utm_content=120238219538330008&utm_term=120238219537530008&utm_campaign=120238219537360008&fbclid=PAZXh0bgNhZW0BMABhZGlkAassBgxEUchzcnRjBmFwcF9pZA81NjcwNjczNDMzNTI0MjcAAafZVtPVyjASp7jhbqYwWIG0Z-NnK9f6weBPe5BSmM8hdgl4sBMiqbnk08owFA_aem_iR2vPTFzM4w2UYqWMFn9Pg","https://www.codesprint.com.br/?utm_medium=paid&utm_source=ig&utm_id=120238219537360008&utm_content=120238219538330008&utm_term=120238219537530008&utm_campaign=120238219537360008&fbclid=PAZXh0bgNhZW0BMABhZGlkAassBgxEUchzcnRjBmFwcF9pZA81NjcwNjczNDMzNTI0MjcAAafZVtPVyjASp7jhbqYwWIG0Z-NnK9f6weBPe5BSmM8hdgl4sBMiqbnk08owFA_aem_iR2vPTFzM4w2UYqWMFn9Pg","http://instagram.com/","1hr2pq9","InstagramApp","Mobile","Android","Brazil","2","0","FALSE","https://clarity.microsoft.com/player/v144xksgk2/1hr2pq9/1x7v0er/?ss=1768393260000&sd=8"
"01/14/2026","09:18","00:09","https://www.codesprint.com.br/?utm_medium=paid&utm_source=ig&utm_id=120238219251220008&utm_content=120238219253760008&utm_term=120238219251880008&utm_campaign=120238219251220008&fbclid=PAZXh0bgNhZW0BMABhZGlkAassBfvDUDhzcnRjBmFwcF9pZA81NjcwNjczNDMzNTI0MjcAAafk9Ln28Db9UYVBlQDHP3-_FBEfg7mM0VkwGw1XZcWRsACfrAoMwH-Gd6OQkw_aem_xuydw_1t0dcWR5GJnBaSxw","https://www.codesprint.com.br/?utm_medium=paid&utm_source=ig&utm_id=120238219251220008&utm_content=120238219253760008&utm_term=120238219251880008&utm_campaign=120238219251220008&fbclid=PAZXh0bgNhZW0BMABhZGlkAassBfvDUDhzcnRjBmFwcF9pZA81NjcwNjczNDMzNTI0MjcAAafk9Ln28Db9UYVBlQDHP3-_FBEfg7mM0VkwGw1XZcWRsACfrAoMwH-Gd6OQkw_aem_xuydw_1t0dcWR5GJnBaSxw","http://instagram.com/","a306ij","InstagramApp","Mobile","Android","Brazil","2","0","FALSE","https://clarity.microsoft.com/player/v144xksgk2/a306ij/nf294n/?ss=1768393099000&sd=9"
"01/14/2026","09:18","00:04","https://www.codesprint.com.br/?utm_medium=paid&utm_source=ig&utm_id=120238219378280008&utm_content=120238219379850008&utm_term=120238219378430008&utm_campaign=120238219378280008&fbclid=PAZXh0bgNhZW0BMABhZGlkAassBgNyBMhzcnRjBmFwcF9pZA81NjcwNjczNDMzNTI0MjcAAaeKbgLFAGNFPowDJ85Xzc0WzLgoxLp3DkeS6jLBXX0mm6a3jqVPB7agy-MbnA_aem_UITOQkWSAXnCzEXXMAYI8Q","https://www.codesprint.com.br/?utm_medium=paid&utm_source=ig&utm_id=120238219378280008&utm_content=120238219379850008&utm_term=120238219378430008&utm_campaign=120238219378280008&fbclid=PAZXh0bgNhZW0BMABhZGlkAassBgNyBMhzcnRjBmFwcF9pZA81NjcwNjczNDMzNTI0MjcAAaeKbgLFAGNFPowDJ85Xzc0WzLgoxLp3DkeS6jLBXX0mm6a3jqVPB7agy-MbnA_aem_UITOQkWSAXnCzEXXMAYI8Q","http://instagram.com/","6eejsp","InstagramApp","Mobile","Android","Brazil","1","0","FALSE","https://clarity.microsoft.com/player/v144xksgk2/6eejsp/1bhb8oi/?ss=1768393084000&sd=4"
"01/14/2026","09:13","00:03","https://www.codesprint.com.br/?utm_medium=paid&utm_source=ig&utm_id=120238219251220008&utm_content=120238219253760008&utm_term=120238219251880008&utm_campaign=120238219251220008&fbclid=PAZXh0bgNhZW0BMABhZGlkAassBfvDUDhzcnRjBmFwcF9pZA81NjcwNjczNDMzNTI0MjcAAacFWVW2VV2SYTV0vFuQ95sXmzoLctCg-BlSeUmdCQJy0DLvHYYW0Cod_mdZgA_aem_O-3sSKZgiWgVrNUtdIO9Ug","https://www.codesprint.com.br/?utm_medium=paid&utm_source=ig&utm_id=120238219251220008&utm_content=120238219253760008&utm_term=120238219251880008&utm_campaign=120238219251220008&fbclid=PAZXh0bgNhZW0BMABhZGlkAassBfvDUDhzcnRjBmFwcF9pZA81NjcwNjczNDMzNTI0MjcAAacFWVW2VV2SYTV0vFuQ95sXmzoLctCg-BlSeUmdCQJy0DLvHYYW0Cod_mdZgA_aem_O-3sSKZgiWgVrNUtdIO9Ug","http://instagram.com/","16fv9u8","InstagramApp","Mobile","Android","Brazil","1","0","FALSE","https://clarity.microsoft.com/player/v144xksgk2/16fv9u8/8qkvex/?ss=1768392790000&sd=3"
"01/14/2026","09:10","00:02","https://www.codesprint.com.br/?utm_medium=paid&utm_source=ig&utm_id=120238219251220008&utm_content=120238219253760008&utm_term=120238219251880008&utm_campaign=120238219251220008&fbclid=PAZXh0bgNhZW0BMABhZGlkAassBfvDUDhzcnRjBmFwcF9pZA81NjcwNjczNDMzNTI0MjcAAaf7AV88_OpC58RiRejJWxlyGVfp1ZHKe_aWOPwZX-i5UaB1_7NIDjPWSTw1Vw_aem_BWOk3_vDcCVidorkCJ7wWg","https://www.codesprint.com.br/?utm_medium=paid&utm_source=ig&utm_id=120238219251220008&utm_content=120238219253760008&utm_term=120238219251880008&utm_campaign=120238219251220008&fbclid=PAZXh0bgNhZW0BMABhZGlkAassBfvDUDhzcnRjBmFwcF9pZA81NjcwNjczNDMzNTI0MjcAAaf7AV88_OpC58RiRejJWxlyGVfp1ZHKe_aWOPwZX-i5UaB1_7NIDjPWSTw1Vw_aem_BWOk3_vDcCVidorkCJ7wWg","http://instagram.com/","2wf6ae","InstagramApp","Mobile","Android","Brazil","1","0","FALSE","https://clarity.microsoft.com/player/v144xksgk2/2wf6ae/a3bpv7/?ss=1768392644000&sd=2"
"01/14/2026","09:09","00:05","https://www.codesprint.com.br/?utm_medium=paid&utm_source=ig&utm_id=120238219251220008&utm_content=120238219253760008&utm_term=120238219251880008&utm_campaign=120238219251220008&fbclid=PAZXh0bgNhZW0BMABhZGlkAassBfvDUDhzcnRjBmFwcF9pZA81NjcwNjczNDMzNTI0MjcAAacqGP4mkr_WkIxpv97PxkZtp6Hb-mlaL4M9-4-yEYAW-wr87Sa5RjTOJsxWMA_aem_pS5M56KqmkSGIsQS1aIzHQ","https://www.codesprint.com.br/?utm_medium=paid&utm_source=ig&utm_id=120238219251220008&utm_content=120238219253760008&utm_term=120238219251880008&utm_campaign=120238219251220008&fbclid=PAZXh0bgNhZW0BMABhZGlkAassBfvDUDhzcnRjBmFwcF9pZA81NjcwNjczNDMzNTI0MjcAAacqGP4mkr_WkIxpv97PxkZtp6Hb-mlaL4M9-4-yEYAW-wr87Sa5RjTOJsxWMA_aem_pS5M56KqmkSGIsQS1aIzHQ","http://instagram.com/","lxfvt1","InstagramApp","Mobile","Android","Brazil","1","0","FALSE","https://clarity.microsoft.com/player/v144xksgk2/lxfvt1/1jf4xvk/?ss=1768392585000&sd=5"
"01/14/2026","09:07","00:03","https://www.codesprint.com.br/?utm_medium=paid&utm_source=ig&utm_id=120238219378280008&utm_content=120238219379850008&utm_term=120238219378430008&utm_campaign=120238219378280008&fbclid=PAZXh0bgNhZW0BMABhZGlkAassBgNyBMhzcnRjBmFwcF9pZA81NjcwNjczNDMzNTI0MjcAAafXocDFc4nAJ8c3P6MEsjPmKSVEcVgBdRsjnAQA6sh_1iyAdu9P_05ktXj84A_aem_M5LokgMN6-QxgQeaYg1nHg","https://www.codesprint.com.br/?utm_medium=paid&utm_source=ig&utm_id=120238219378280008&utm_content=120238219379850008&utm_term=120238219378430008&utm_campaign=120238219378280008&fbclid=PAZXh0bgNhZW0BMABhZGlkAassBgNyBMhzcnRjBmFwcF9pZA81NjcwNjczNDMzNTI0MjcAAafXocDFc4nAJ8c3P6MEsjPmKSVEcVgBdRsjnAQA6sh_1iyAdu9P_05ktXj84A_aem_M5LokgMN6-QxgQeaYg1nHg","http://instagram.com/","11jcl5l","InstagramApp","Mobile","Android","Brazil","1","0","FALSE","https://clarity.microsoft.com/player/v144xksgk2/11jcl5l/nln8ve/?ss=1768392434000&sd=3"
"01/14/2026","09:02","00:01","https://www.codesprint.com.br/?utm_medium=paid&utm_source=ig&utm_id=120238219251220008&utm_content=120238219253760008&utm_term=120238219251880008&utm_campaign=120238219251220008&fbclid=PAZXh0bgNhZW0BMABhZGlkAassBfvDUDhzcnRjBmFwcF9pZA81NjcwNjczNDMzNTI0MjcAAaenyck-CtyeAA0MNR70VV8qRwAuOFCusxLHyOAx8MgQryimQ-wEC5h4tlblaw_aem_FSLS3hWU-PadohzdqokVDg","https://www.codesprint.com.br/?utm_medium=paid&utm_source=ig&utm_id=120238219251220008&utm_content=120238219253760008&utm_term=120238219251880008&utm_campaign=120238219251220008&fbclid=PAZXh0bgNhZW0BMABhZGlkAassBfvDUDhzcnRjBmFwcF9pZA81NjcwNjczNDMzNTI0MjcAAaenyck-CtyeAA0MNR70VV8qRwAuOFCusxLHyOAx8MgQryimQ-wEC5h4tlblaw_aem_FSLS3hWU-PadohzdqokVDg","http://instagram.com/","1fijefa","InstagramApp","Mobile","Android","Brazil","1","0","FALSE","https://clarity.microsoft.com/player/v144xksgk2/1fijefa/11ddok5/?ss=1768392122000&sd=1"
"01/14/2026","08:59","00:01","https://www.codesprint.com.br/?utm_medium=paid&utm_source=ig&utm_id=120238219537360008&utm_content=120238219538330008&utm_term=120238219537530008&utm_campaign=120238219537360008&fbclid=PAZXh0bgNhZW0BMABhZGlkAassBgxEUchzcnRjBmFwcF9pZA81NjcwNjczNDMzNTI0MjcAAaehSDLx_Fq-hfdGe2Q7xvyrw2_HEvwiSYW-64ld4aHcetwabAriYpG2-BpJsg_aem_BQmFwJxP6-TZS7ptjF5sdw","https://www.codesprint.com.br/?utm_medium=paid&utm_source=ig&utm_id=120238219537360008&utm_content=120238219538330008&utm_term=120238219537530008&utm_campaign=120238219537360008&fbclid=PAZXh0bgNhZW0BMABhZGlkAassBgxEUchzcnRjBmFwcF9pZA81NjcwNjczNDMzNTI0MjcAAaehSDLx_Fq-hfdGe2Q7xvyrw2_HEvwiSYW-64ld4aHcetwabAriYpG2-BpJsg_aem_BQmFwJxP6-TZS7ptjF5sdw","http://instagram.com/","5w46a0","InstagramApp","Mobile","Android","Brazil","1","0","FALSE","https://clarity.microsoft.com/player/v144xksgk2/5w46a0/17xr2yo/?ss=1768391946000&sd=1"
"01/14/2026","08:57","00:08","https://www.codesprint.com.br/?utm_medium=paid&utm_source=ig&utm_id=120238219537360008&utm_content=120238219538330008&utm_term=120238219537530008&utm_campaign=120238219537360008&fbclid=PAZXh0bgNhZW0BMABhZGlkAassBgxEUchzcnRjBmFwcF9pZA81NjcwNjczNDMzNTI0MjcAAadBVGE0MvYF_nvTkQ-67F40pFIe4TvV0LG_LKm70J6NrSifE_wuKuj8Cnkr-A_aem_HzXOGjiG2XHZo3Bb4Z-e0Q","https://www.codesprint.com.br/?utm_medium=paid&utm_source=ig&utm_id=120238219537360008&utm_content=120238219538330008&utm_term=120238219537530008&utm_campaign=120238219537360008&fbclid=PAZXh0bgNhZW0BMABhZGlkAassBgxEUchzcnRjBmFwcF9pZA81NjcwNjczNDMzNTI0MjcAAadBVGE0MvYF_nvTkQ-67F40pFIe4TvV0LG_LKm70J6NrSifE_wuKuj8Cnkr-A_aem_HzXOGjiG2XHZo3Bb4Z-e0Q","http://instagram.com/","1a8iqmf","InstagramApp","Mobile","Android","Brazil","2","0","FALSE","https://clarity.microsoft.com/player/v144xksgk2/1a8iqmf/cjw1qa/?ss=1768391852000&sd=8"
"01/14/2026","08:57","00:01","https://www.codesprint.com.br/?utm_medium=paid&utm_source=ig&utm_id=120238219251220008&utm_content=120238219253760008&utm_term=120238219251880008&utm_campaign=120238219251220008&fbclid=PAZXh0bgNhZW0BMABhZGlkAassBfvDUDhzcnRjBmFwcF9pZA81NjcwNjczNDMzNTI0MjcAAaeXGx5YMuG2kGY7J6nFwAfpM0oqza6LkJKE0Wr8N6SYQCH2MwGODRetAo2xyw_aem_3Gsy6YPbePp5rAgbl4TYQw","https://www.codesprint.com.br/?utm_medium=paid&utm_source=ig&utm_id=120238219251220008&utm_content=120238219253760008&utm_term=120238219251880008&utm_campaign=120238219251220008&fbclid=PAZXh0bgNhZW0BMABhZGlkAassBfvDUDhzcnRjBmFwcF9pZA81NjcwNjczNDMzNTI0MjcAAaeXGx5YMuG2kGY7J6nFwAfpM0oqza6LkJKE0Wr8N6SYQCH2MwGODRetAo2xyw_aem_3Gsy6YPbePp5rAgbl4TYQw","http://instagram.com/","3b7dhz","InstagramApp","Mobile","Android","Brazil","1","0","FALSE","https://clarity.microsoft.com/player/v144xksgk2/3b7dhz/1aq6gh3/?ss=1768391825000&sd=1"
"01/14/2026","08:54","00:02","https://www.codesprint.com.br/?utm_medium=paid&utm_source=ig&utm_id=120238219378280008&utm_content=120238219379850008&utm_term=120238219378430008&utm_campaign=120238219378280008&fbclid=PAZXh0bgNhZW0BMABhZGlkAassBgNyBMhzcnRjBmFwcF9pZA81NjcwNjczNDMzNTI0MjcAAadaqLYRBhLG-l2YgAVm-PmojBAOHMh72PfgvztGS52m560ttEmR1MNSJLU3WQ_aem_aLMTAFzyIuWGKHu4CFyRQg","https://www.codesprint.com.br/?utm_medium=paid&utm_source=ig&utm_id=120238219378280008&utm_content=120238219379850008&utm_term=120238219378430008&utm_campaign=120238219378280008&fbclid=PAZXh0bgNhZW0BMABhZGlkAassBgNyBMhzcnRjBmFwcF9pZA81NjcwNjczNDMzNTI0MjcAAadaqLYRBhLG-l2YgAVm-PmojBAOHMh72PfgvztGS52m560ttEmR1MNSJLU3WQ_aem_aLMTAFzyIuWGKHu4CFyRQg","http://instagram.com/","q5foat","InstagramApp","Mobile","Android","Brazil","1","0","FALSE","https://clarity.microsoft.com/player/v144xksgk2/q5foat/2hdmes/?ss=1768391652000&sd=2"
"01/14/2026","08:49","01:24","https://www.codesprint.com.br/?utm_medium=paid&utm_source=ig&utm_id=120238219537360008&utm_content=120238219538330008&utm_term=120238219537530008&utm_campaign=120238219537360008&fbclid=PAZXh0bgNhZW0BMABhZGlkAassBgxEUchzcnRjBmFwcF9pZA81NjcwNjczNDMzNTI0MjcAAad46UUDy0w7Ta-Oo07z3V72rOlTNGcIrUr3VIuPwy7_4AsIpe9uajE9WY3YYA_aem_erDhOwjoTgknz8-GYWTUhg","https://www.codesprint.com.br/?utm_medium=paid&utm_source=ig&utm_id=120238219537360008&utm_content=120238219538330008&utm_term=120238219537530008&utm_campaign=120238219537360008&fbclid=PAZXh0bgNhZW0BMABhZGlkAassBgxEUchzcnRjBmFwcF9pZA81NjcwNjczNDMzNTI0MjcAAad46UUDy0w7Ta-Oo07z3V72rOlTNGcIrUr3VIuPwy7_4AsIpe9uajE9WY3YYA_aem_erDhOwjoTgknz8-GYWTUhg","http://instagram.com/","xw383q","InstagramApp","Mobile","Android","Brazil","3","0","FALSE","https://clarity.microsoft.com/player/v144xksgk2/xw383q/5k5byk/?ss=1768391381000&sd=84"
"01/14/2026","08:40","00:01","https://www.codesprint.com.br/?utm_medium=paid&utm_source=ig&utm_id=120238219537360008&utm_content=120238219538330008&utm_term=120238219537530008&utm_campaign=120238219537360008&fbclid=PAZXh0bgNhZW0BMABhZGlkAassBgxEUchzcnRjBmFwcF9pZA81NjcwNjczNDMzNTI0MjcAAadcJkWmZ2jRodZflbZLYuXR4pGe5FBwwf3jJYjthpBCA1LPZOOXR0jop6c_JA_aem_69d1S4e4AWthN4vXcOjLWw","https://www.codesprint.com.br/?utm_medium=paid&utm_source=ig&utm_id=120238219537360008&utm_content=120238219538330008&utm_term=120238219537530008&utm_campaign=120238219537360008&fbclid=PAZXh0bgNhZW0BMABhZGlkAassBgxEUchzcnRjBmFwcF9pZA81NjcwNjczNDMzNTI0MjcAAadcJkWmZ2jRodZflbZLYuXR4pGe5FBwwf3jJYjthpBCA1LPZOOXR0jop6c_JA_aem_69d1S4e4AWthN4vXcOjLWw","http://instagram.com/","nhw7na","InstagramApp","Mobile","Android","Brazil","1","0","FALSE","https://clarity.microsoft.com/player/v144xksgk2/nhw7na/klq233/?ss=1768390845000&sd=1"
"01/14/2026","08:37","00:02","https://www.codesprint.com.br/?utm_medium=paid&utm_source=ig&utm_id=120238219537360008&utm_content=120238219538330008&utm_term=120238219537530008&utm_campaign=120238219537360008&fbclid=PAZXh0bgNhZW0BMABhZGlkAassBgxEUchzcnRjBmFwcF9pZA81NjcwNjczNDMzNTI0MjcAAacOrWJNVolJNXW213ImCS2wC21AM3M3CJLtR85_LBpysguzxvgYMeUuGeLkDA_aem_OWECXPpFmTq1lLUUd92h-g","https://www.codesprint.com.br/?utm_medium=paid&utm_source=ig&utm_id=120238219537360008&utm_content=120238219538330008&utm_term=120238219537530008&utm_campaign=120238219537360008&fbclid=PAZXh0bgNhZW0BMABhZGlkAassBgxEUchzcnRjBmFwcF9pZA81NjcwNjczNDMzNTI0MjcAAacOrWJNVolJNXW213ImCS2wC21AM3M3CJLtR85_LBpysguzxvgYMeUuGeLkDA_aem_OWECXPpFmTq1lLUUd92h-g","http://instagram.com/","1gf4n48","InstagramApp","Mobile","Android","Brazil","1","0","FALSE","https://clarity.microsoft.com/player/v144xksgk2/1gf4n48/lcf6ky/?ss=1768390678000&sd=2"
"01/14/2026","08:17","00:04","https://www.codesprint.com.br/?utm_medium=paid&utm_source=ig&utm_id=120238219537360008&utm_content=120238219538330008&utm_term=120238219537530008&utm_campaign=120238219537360008&fbclid=PAZXh0bgNhZW0BMABhZGlkAassBgxEUchzcnRjBmFwcF9pZA81NjcwNjczNDMzNTI0MjcAAad5vL8_Qw8bDZLHX3M6qrWUeaicxE_Yv-7BfF2aF3QE5Df94QbhlOPTsqtrcg_aem_MqfR8xrVsQsQLxUCtOXF5g","https://www.codesprint.com.br/?utm_medium=paid&utm_source=ig&utm_id=120238219537360008&utm_content=120238219538330008&utm_term=120238219537530008&utm_campaign=120238219537360008&fbclid=PAZXh0bgNhZW0BMABhZGlkAassBgxEUchzcnRjBmFwcF9pZA81NjcwNjczNDMzNTI0MjcAAad5vL8_Qw8bDZLHX3M6qrWUeaicxE_Yv-7BfF2aF3QE5Df94QbhlOPTsqtrcg_aem_MqfR8xrVsQsQLxUCtOXF5g","http://instagram.com/","1d6q72g","InstagramApp","Mobile","Android","Brazil","1","0","FALSE","https://clarity.microsoft.com/player/v144xksgk2/1d6q72g/hzmp9u/?ss=1768389466000&sd=4"
"01/14/2026","08:17","00:01","https://www.codesprint.com.br/?utm_medium=paid&utm_source=ig&utm_id=120238219537360008&utm_content=120238219538330008&utm_term=120238219537530008&utm_campaign=120238219537360008&fbclid=PAZXh0bgNhZW0BMABhZGlkAassBgxEUchzcnRjBmFwcF9pZA81NjcwNjczNDMzNTI0MjcAAad5vL8_Qw8bDZLHX3M6qrWUeaicxE_Yv-7BfF2aF3QE5Df94QbhlOPTsqtrcg_aem_MqfR8xrVsQsQLxUCtOXF5g","https://www.codesprint.com.br/?utm_medium=paid&utm_source=ig&utm_id=120238219537360008&utm_content=120238219538330008&utm_term=120238219537530008&utm_campaign=120238219537360008&fbclid=PAZXh0bgNhZW0BMABhZGlkAassBgxEUchzcnRjBmFwcF9pZA81NjcwNjczNDMzNTI0MjcAAad5vL8_Qw8bDZLHX3M6qrWUeaicxE_Yv-7BfF2aF3QE5Df94QbhlOPTsqtrcg_aem_MqfR8xrVsQsQLxUCtOXF5g","http://instagram.com/","1d6q72g","InstagramApp","Mobile","Android","Brazil","1","0","FALSE","https://clarity.microsoft.com/player/v144xksgk2/1d6q72g/1nwcn1l/?ss=1768389461000&sd=1"
"01/14/2026","08:14","00:01","https://www.codesprint.com.br/?utm_medium=paid&utm_source=ig&utm_id=120238210664700008&utm_content=120238210665180008&utm_term=120238210664950008&utm_campaign=120238210664700008&fbclid=PAZXh0bgNhZW0BMABhZGlkAassA_u0H-hzcnRjBmFwcF9pZA81NjcwNjczNDMzNTI0MjcAAadQDN53HzBTYHZEq5IeVhd1wc031NDsxrTpljdoBDXAtf0svfgbkFRlL5B4OQ_aem_sjSuHqJEfkKLyRNHd82_zA","https://www.codesprint.com.br/?utm_medium=paid&utm_source=ig&utm_id=120238210664700008&utm_content=120238210665180008&utm_term=120238210664950008&utm_campaign=120238210664700008&fbclid=PAZXh0bgNhZW0BMABhZGlkAassA_u0H-hzcnRjBmFwcF9pZA81NjcwNjczNDMzNTI0MjcAAadQDN53HzBTYHZEq5IeVhd1wc031NDsxrTpljdoBDXAtf0svfgbkFRlL5B4OQ_aem_sjSuHqJEfkKLyRNHd82_zA","http://instagram.com/","1xnscps","InstagramApp","Mobile","Android","Brazil","1","0","FALSE","https://clarity.microsoft.com/player/v144xksgk2/1xnscps/85ovtx/?ss=1768389263000&sd=1"
"01/14/2026","08:13","00:13","https://www.codesprint.com.br/?utm_medium=paid&utm_source=ig&utm_id=120238219537360008&utm_content=120238219538330008&utm_term=120238219537530008&utm_campaign=120238219537360008&fbclid=PAZXh0bgNhZW0BMABhZGlkAassBgxEUchzcnRjBmFwcF9pZA81NjcwNjczNDMzNTI0MjcAAacvNjV0I5Byt9RyODbqgUXaPgYWA9Y76AF9bm_LwLMH5GeKwyuyLcgn_Q0R2w_aem_77-Y5CZyvKyIpSmcSDyqhw","https://www.codesprint.com.br/?utm_medium=paid&utm_source=ig&utm_id=120238219537360008&utm_content=120238219538330008&utm_term=120238219537530008&utm_campaign=120238219537360008&fbclid=PAZXh0bgNhZW0BMABhZGlkAassBgxEUchzcnRjBmFwcF9pZA81NjcwNjczNDMzNTI0MjcAAacvNjV0I5Byt9RyODbqgUXaPgYWA9Y76AF9bm_LwLMH5GeKwyuyLcgn_Q0R2w_aem_77-Y5CZyvKyIpSmcSDyqhw","http://instagram.com/","i3db7k","InstagramApp","Mobile","Android","Brazil","4","0","FALSE","https://clarity.microsoft.com/player/v144xksgk2/i3db7k/22j7vx/?ss=1768389239000&sd=13"
"01/14/2026","08:13","00:01","https://www.codesprint.com.br/?utm_medium=paid&utm_source=ig&utm_id=120238219537360008&utm_content=120238219538330008&utm_term=120238219537530008&utm_campaign=120238219537360008&fbclid=PAZXh0bgNhZW0BMABhZGlkAassBgxEUchzcnRjBmFwcF9pZA81NjcwNjczNDMzNTI0MjcAAae6TVOTB6kTCQ6tLzXOLkuuUwQWoA6DEhFHG3FYaUGMg0QAfcs3aMlNHCDeqQ_aem_w-sC6Mc_ONNN7VOaUfh3vA","https://www.codesprint.com.br/?utm_medium=paid&utm_source=ig&utm_id=120238219537360008&utm_content=120238219538330008&utm_term=120238219537530008&utm_campaign=120238219537360008&fbclid=PAZXh0bgNhZW0BMABhZGlkAassBgxEUchzcnRjBmFwcF9pZA81NjcwNjczNDMzNTI0MjcAAae6TVOTB6kTCQ6tLzXOLkuuUwQWoA6DEhFHG3FYaUGMg0QAfcs3aMlNHCDeqQ_aem_w-sC6Mc_ONNN7VOaUfh3vA","http://instagram.com/","1g5wijr","InstagramApp","Mobile","Android","Brazil","1","0","FALSE","https://clarity.microsoft.com/player/v144xksgk2/1g5wijr/7vybwy/?ss=1768389239000&sd=1"
"01/14/2026","08:11","00:01","https://www.codesprint.com.br/?utm_medium=paid&utm_source=ig&utm_id=120238219537360008&utm_content=120238219538330008&utm_term=120238219537530008&utm_campaign=120238219537360008&fbclid=PAZXh0bgNhZW0BMABhZGlkAassBgxEUchzcnRjBmFwcF9pZA81NjcwNjczNDMzNTI0MjcAAad2RvibZGaDlYRKzgnpkRx_lMr1VgI03gtA4A3lw9jdNnxVQYFvH3K_TW1qMw_aem_sRMQr7ypyMHubRunaoCtNA","https://www.codesprint.com.br/?utm_medium=paid&utm_source=ig&utm_id=120238219537360008&utm_content=120238219538330008&utm_term=120238219537530008&utm_campaign=120238219537360008&fbclid=PAZXh0bgNhZW0BMABhZGlkAassBgxEUchzcnRjBmFwcF9pZA81NjcwNjczNDMzNTI0MjcAAad2RvibZGaDlYRKzgnpkRx_lMr1VgI03gtA4A3lw9jdNnxVQYFvH3K_TW1qMw_aem_sRMQr7ypyMHubRunaoCtNA","http://instagram.com/","kyb95i","InstagramApp","Mobile","Android","Brazil","1","0","FALSE","https://clarity.microsoft.com/player/v144xksgk2/kyb95i/45l30c/?ss=1768389097000&sd=1"
"01/14/2026","08:08","00:16","https://www.codesprint.com.br/?utm_medium=paid&utm_source=ig&utm_id=120238210664700008&utm_content=120238210665180008&utm_term=120238210664950008&utm_campaign=120238210664700008&fbclid=PAZXh0bgNhZW0BMABhZGlkAassA_u0H-hzcnRjBmFwcF9pZA81NjcwNjczNDMzNTI0MjcAAadi-TPThzbjl1A5DQJm7RsmyfnhxdjiZUh3-o0z-_LfL9F5BgCXJolX6D9fnA_aem_gr57UzrDPhVtsYo7F1FSMA","https://www.codesprint.com.br/?utm_medium=paid&utm_source=ig&utm_id=120238210664700008&utm_content=120238210665180008&utm_term=120238210664950008&utm_campaign=120238210664700008&fbclid=PAZXh0bgNhZW0BMABhZGlkAassA_u0H-hzcnRjBmFwcF9pZA81NjcwNjczNDMzNTI0MjcAAadi-TPThzbjl1A5DQJm7RsmyfnhxdjiZUh3-o0z-_LfL9F5BgCXJolX6D9fnA_aem_gr57UzrDPhVtsYo7F1FSMA","http://instagram.com/","17q7rg7","InstagramApp","Mobile","Android","Brazil","2","0","FALSE","https://clarity.microsoft.com/player/v144xksgk2/17q7rg7/1c7n2fh/?ss=1768388926000&sd=16"
"01/14/2026","08:06","00:02","https://www.codesprint.com.br/?utm_medium=paid&utm_source=ig&utm_id=120238219537360008&utm_content=120238219538330008&utm_term=120238219537530008&utm_campaign=120238219537360008&fbclid=PAZXh0bgNhZW0BMABhZGlkAassBgxEUchzcnRjBmFwcF9pZA81NjcwNjczNDMzNTI0MjcAAadnLev_AmxzJoD8Fas_TEVvr2UcA9DbrPzkGazIKtw7aypifQECi-pahYOvpQ_aem_28C0Q7gzVzc37FGPykN0uw","https://www.codesprint.com.br/?utm_medium=paid&utm_source=ig&utm_id=120238219537360008&utm_content=120238219538330008&utm_term=120238219537530008&utm_campaign=120238219537360008&fbclid=PAZXh0bgNhZW0BMABhZGlkAassBgxEUchzcnRjBmFwcF9pZA81NjcwNjczNDMzNTI0MjcAAadnLev_AmxzJoD8Fas_TEVvr2UcA9DbrPzkGazIKtw7aypifQECi-pahYOvpQ_aem_28C0Q7gzVzc37FGPykN0uw","http://instagram.com/","8u70ds","InstagramApp","Mobile","Android","Brazil","1","0","FALSE","https://clarity.microsoft.com/player/v144xksgk2/8u70ds/eke0ak/?ss=1768388807000&sd=2"
"01/14/2026","08:04","00:09","https://www.codesprint.com.br/?utm_medium=paid&utm_source=ig&utm_id=120238219537360008&utm_content=120238219538330008&utm_term=120238219537530008&utm_campaign=120238219537360008&fbclid=PAZXh0bgNhZW0BMABhZGlkAassBgxEUchzcnRjBmFwcF9pZA81NjcwNjczNDMzNTI0MjcAAaeHcBWjQy-xuEbjvHkRQ64tQG2WkkclSlKAYYsE2a-Nb2odXK3ZIF5MBoDUiQ_aem_YXp5fvUyyCSL2G3Po6zpoQ","https://www.codesprint.com.br/?utm_medium=paid&utm_source=ig&utm_id=120238219537360008&utm_content=120238219538330008&utm_term=120238219537530008&utm_campaign=120238219537360008&fbclid=PAZXh0bgNhZW0BMABhZGlkAassBgxEUchzcnRjBmFwcF9pZA81NjcwNjczNDMzNTI0MjcAAaeHcBWjQy-xuEbjvHkRQ64tQG2WkkclSlKAYYsE2a-Nb2odXK3ZIF5MBoDUiQ_aem_YXp5fvUyyCSL2G3Po6zpoQ","http://instagram.com/","u0xwnq","InstagramApp","Mobile","Android","Brazil","2","0","FALSE","https://clarity.microsoft.com/player/v144xksgk2/u0xwnq/1182rxa/?ss=1768388648000&sd=9"
"01/14/2026","08:01","00:01","https://www.codesprint.com.br/?utm_medium=paid&utm_source=ig&utm_id=120238219537360008&utm_content=120238219538330008&utm_term=120238219537530008&utm_campaign=120238219537360008&fbclid=PAZXh0bgNhZW0BMABhZGlkAassBgxEUchzcnRjBmFwcF9pZA81NjcwNjczNDMzNTI0MjcAAaegNI6wQ0Xg_tsEBjpmcQMDjxUkM0Ifa6zxxSxKnCar9QzdrLzxOq9X1CmRmQ_aem_XY4lzjaV7I2ex0J-cEeybQ","https://www.codesprint.com.br/?utm_medium=paid&utm_source=ig&utm_id=120238219537360008&utm_content=120238219538330008&utm_term=120238219537530008&utm_campaign=120238219537360008&fbclid=PAZXh0bgNhZW0BMABhZGlkAassBgxEUchzcnRjBmFwcF9pZA81NjcwNjczNDMzNTI0MjcAAaegNI6wQ0Xg_tsEBjpmcQMDjxUkM0Ifa6zxxSxKnCar9QzdrLzxOq9X1CmRmQ_aem_XY4lzjaV7I2ex0J-cEeybQ","http://instagram.com/","1dnin9z","InstagramApp","Mobile","Android","Brazil","1","0","FALSE","https://clarity.microsoft.com/player/v144xksgk2/1dnin9z/1tsgx64/?ss=1768388475000&sd=1"
"01/14/2026","07:52","00:01","https://www.codesprint.com.br/?utm_medium=paid&utm_source=ig&utm_id=120238219537360008&utm_content=120238219538330008&utm_term=120238219537530008&utm_campaign=120238219537360008&fbclid=PAZXh0bgNhZW0BMABhZGlkAassBgxEUchzcnRjBmFwcF9pZA81NjcwNjczNDMzNTI0MjcAAad6IN2MORrtRh0wBIk5Oj9zkVvnD8VPhDEe5ziq0UnbeBheMhAoZ6CKHw4t8g_aem_AaxyHpqNCICdW4VXRYYeRA","https://www.codesprint.com.br/?utm_medium=paid&utm_source=ig&utm_id=120238219537360008&utm_content=120238219538330008&utm_term=120238219537530008&utm_campaign=120238219537360008&fbclid=PAZXh0bgNhZW0BMABhZGlkAassBgxEUchzcnRjBmFwcF9pZA81NjcwNjczNDMzNTI0MjcAAad6IN2MORrtRh0wBIk5Oj9zkVvnD8VPhDEe5ziq0UnbeBheMhAoZ6CKHw4t8g_aem_AaxyHpqNCICdW4VXRYYeRA","http://instagram.com/","qwe5dw","InstagramApp","Mobile","Android","Brazil","1","0","FALSE","https://clarity.microsoft.com/player/v144xksgk2/qwe5dw/1mufjjl/?ss=1768387957000&sd=1"
"01/14/2026","07:04","00:01","https://www.codesprint.com.br/?utm_medium=paid&utm_source=ig&utm_id=120238210664700008&utm_content=120238210665180008&utm_term=120238210664950008&utm_campaign=120238210664700008&fbclid=PAZXh0bgNhZW0BMABhZGlkAassA_u0H-hzcnRjBmFwcF9pZA81NjcwNjczNDMzNTI0MjcAAadZ28cnIyPEw_JPAz4dLq9p1MfEtIixH-MRQzvbC4dbVcyKa_5P9r1NsWaYPA_aem_TkzM8AnMcdUTupTDV8NxDQ","https://www.codesprint.com.br/?utm_medium=paid&utm_source=ig&utm_id=120238210664700008&utm_content=120238210665180008&utm_term=120238210664950008&utm_campaign=120238210664700008&fbclid=PAZXh0bgNhZW0BMABhZGlkAassA_u0H-hzcnRjBmFwcF9pZA81NjcwNjczNDMzNTI0MjcAAadZ28cnIyPEw_JPAz4dLq9p1MfEtIixH-MRQzvbC4dbVcyKa_5P9r1NsWaYPA_aem_TkzM8AnMcdUTupTDV8NxDQ","http://instagram.com/","1aqxmqe","InstagramApp","Mobile","Android","Brazil","1","0","FALSE","https://clarity.microsoft.com/player/v144xksgk2/1aqxmqe/1k3gkv7/?ss=1768385071000&sd=1"
"01/14/2026","06:54","00:01","https://www.codesprint.com.br/?utm_medium=paid&utm_source=ig&utm_id=120238210664700008&utm_content=120238210665180008&utm_term=120238210664950008&utm_campaign=120238210664700008&fbclid=PAZXh0bgNhZW0BMABhZGlkAassA_u0H-hzcnRjBmFwcF9pZA81NjcwNjczNDMzNTI0MjcAAacJ9plkuVWR-70i3opJSYjhxM_Yc4peKglCSj3RJFoFXmCeR8LvCynk6YPLdg_aem_-SOdygJp-dIQKg6hR6Vcdg","https://www.codesprint.com.br/?utm_medium=paid&utm_source=ig&utm_id=120238210664700008&utm_content=120238210665180008&utm_term=120238210664950008&utm_campaign=120238210664700008&fbclid=PAZXh0bgNhZW0BMABhZGlkAassA_u0H-hzcnRjBmFwcF9pZA81NjcwNjczNDMzNTI0MjcAAacJ9plkuVWR-70i3opJSYjhxM_Yc4peKglCSj3RJFoFXmCeR8LvCynk6YPLdg_aem_-SOdygJp-dIQKg6hR6Vcdg","http://instagram.com/","s54ns3","InstagramApp","Mobile","Android","Brazil","1","0","FALSE","https://clarity.microsoft.com/player/v144xksgk2/s54ns3/2yooza/?ss=1768384478000&sd=1"
"01/14/2026","06:47","00:09","https://www.codesprint.com.br/?utm_medium=paid&utm_source=ig&utm_id=120238210664700008&utm_content=120238210665180008&utm_term=120238210664950008&utm_campaign=120238210664700008&fbclid=PAZXh0bgNhZW0BMABhZGlkAassA_u0H-hzcnRjBmFwcF9pZA81NjcwNjczNDMzNTI0MjcAAafW_AVEZRi3MqO8W89YbfhKyANms03nI14eOwkgPEbYPTFthcDrv7Sfy2a7kg_aem_rsIB5bsS2Lj1ywjO1Lzpsw","https://www.codesprint.com.br/?utm_medium=paid&utm_source=ig&utm_id=120238210664700008&utm_content=120238210665180008&utm_term=120238210664950008&utm_campaign=120238210664700008&fbclid=PAZXh0bgNhZW0BMABhZGlkAassA_u0H-hzcnRjBmFwcF9pZA81NjcwNjczNDMzNTI0MjcAAafW_AVEZRi3MqO8W89YbfhKyANms03nI14eOwkgPEbYPTFthcDrv7Sfy2a7kg_aem_rsIB5bsS2Lj1ywjO1Lzpsw","http://instagram.com/","papy4x","InstagramApp","Mobile","Android","Brazil","2","0","FALSE","https://clarity.microsoft.com/player/v144xksgk2/papy4x/1q3z7xt/?ss=1768384067000&sd=9"
"01/14/2026","06:26","00:10","https://www.codesprint.com.br/","https://www.codesprint.com.br/","","9qb8tj","ChromeMobile","Mobile","Android","Brazil","1","0","FALSE","https://clarity.microsoft.com/player/v144xksgk2/9qb8tj/1m39l51/?ss=1768382817000&sd=10"
"01/14/2026","06:22","00:09","https://www.codesprint.com.br/?utm_medium=paid&utm_source=ig&utm_id=120238210664700008&utm_content=120238210665180008&utm_term=120238210664950008&utm_campaign=120238210664700008&fbclid=PAZXh0bgNhZW0BMABhZGlkAassA_u0H-hzcnRjBmFwcF9pZA81NjcwNjczNDMzNTI0MjcAAaeiSyBaVM_b_ulXIlfYyqblYmPc1B2ofZkpmqebSR8nHcJGhSySAyJpYgpLQQ_aem_mZiPoCNTLSPd27VA3ROXhg","https://www.codesprint.com.br/?utm_medium=paid&utm_source=ig&utm_id=120238210664700008&utm_content=120238210665180008&utm_term=120238210664950008&utm_campaign=120238210664700008&fbclid=PAZXh0bgNhZW0BMABhZGlkAassA_u0H-hzcnRjBmFwcF9pZA81NjcwNjczNDMzNTI0MjcAAaeiSyBaVM_b_ulXIlfYyqblYmPc1B2ofZkpmqebSR8nHcJGhSySAyJpYgpLQQ_aem_mZiPoCNTLSPd27VA3ROXhg","http://instagram.com/","qhiz7p","InstagramApp","Mobile","Android","Brazil","2","0","FALSE","https://clarity.microsoft.com/player/v144xksgk2/qhiz7p/wnfxd3/?ss=1768382569000&sd=9"
"01/14/2026","06:21","00:32","https://www.codesprint.com.br/","https://www.codesprint.com.br/","","1uk9npk","ChromeMobile","Mobile","Android","Brazil","1","0","FALSE","https://clarity.microsoft.com/player/v144xksgk2/1uk9npk/1fosms1/?ss=1768382496000&sd=32"
"01/14/2026","05:04","00:04","https://www.codesprint.com.br/?utm_medium=paid&utm_source=ig&utm_id=120238210664700008&utm_content=120238210665180008&utm_term=120238210664950008&utm_campaign=120238210664700008&fbclid=PAZXh0bgNhZW0BMABhZGlkAassA_u0H-hzcnRjBmFwcF9pZA81NjcwNjczNDMzNTI0MjcAAacFzWxMcFgUGRHd5rcvZySvAtObYe0EKgDXR38U5B6LNrghXsgm-SdeAxbyuA_aem_ExK88Mpi4tiFDbZEfJ_Fbw","https://www.codesprint.com.br/?utm_medium=paid&utm_source=ig&utm_id=120238210664700008&utm_content=120238210665180008&utm_term=120238210664950008&utm_campaign=120238210664700008&fbclid=PAZXh0bgNhZW0BMABhZGlkAassA_u0H-hzcnRjBmFwcF9pZA81NjcwNjczNDMzNTI0MjcAAacFzWxMcFgUGRHd5rcvZySvAtObYe0EKgDXR38U5B6LNrghXsgm-SdeAxbyuA_aem_ExK88Mpi4tiFDbZEfJ_Fbw","http://instagram.com/","12l5d30","InstagramApp","Mobile","Android","Brazil","1","0","FALSE","https://clarity.microsoft.com/player/v144xksgk2/12l5d30/uoiked/?ss=1768377853000&sd=4"
"01/14/2026","04:27","00:13","https://www.codesprint.com.br/?utm_medium=paid&utm_source=ig&utm_id=120238210664700008&utm_content=120238210665180008&utm_term=120238210664950008&utm_campaign=120238210664700008&fbclid=PAZXh0bgNhZW0BMABhZGlkAassA_u0H-hzcnRjBmFwcF9pZA81NjcwNjczNDMzNTI0MjcAAaeLtGwFiYtANbLgRnSye0ugEjjanQWyplppJI4phK2vWGKJYGHbp04h9XLY8w_aem_xS2_7X650IwxlFum-TEJSg","https://www.codesprint.com.br/?utm_medium=paid&utm_source=ig&utm_id=120238210664700008&utm_content=120238210665180008&utm_term=120238210664950008&utm_campaign=120238210664700008&fbclid=PAZXh0bgNhZW0BMABhZGlkAassA_u0H-hzcnRjBmFwcF9pZA81NjcwNjczNDMzNTI0MjcAAaeLtGwFiYtANbLgRnSye0ugEjjanQWyplppJI4phK2vWGKJYGHbp04h9XLY8w_aem_xS2_7X650IwxlFum-TEJSg","http://instagram.com/","bdy242","InstagramApp","Mobile","Android","Brazil","6","0","FALSE","https://clarity.microsoft.com/player/v144xksgk2/bdy242/il3i2z/?ss=1768375628000&sd=13"
"01/14/2026","04:11","00:01","https://www.codesprint.com.br/?fbclid=IwZXh0bgNhZW0BMABhZGlkAassA_u0H-hzcnRjBmFwcF9pZAwzNTA2ODU1MzE3MjgAAR5yXzDAc1RSZPVrjIuwmJ8iiwXHSfAT6ADIjJIGDFcD1VVZ-PwpURFXXDL63g_aem_2zFLH8SZxgoKmA9hN_I9JA&utm_medium=paid&utm_source=fb&utm_id=120238210664700008&utm_content=120238210665180008&utm_term=120238210664950008&utm_campaign=120238210664700008","https://www.codesprint.com.br/?fbclid=IwZXh0bgNhZW0BMABhZGlkAassA_u0H-hzcnRjBmFwcF9pZAwzNTA2ODU1MzE3MjgAAR5yXzDAc1RSZPVrjIuwmJ8iiwXHSfAT6ADIjJIGDFcD1VVZ-PwpURFXXDL63g_aem_2zFLH8SZxgoKmA9hN_I9JA&utm_medium=paid&utm_source=fb&utm_id=120238210664700008&utm_content=120238210665180008&utm_term=120238210664950008&utm_campaign=120238210664700008","http://m.facebook.com/","4io35e","FacebookApp","Mobile","Android","Brazil","1","0","FALSE","https://clarity.microsoft.com/player/v144xksgk2/4io35e/a1rovm/?ss=1768374669000&sd=1"
"01/14/2026","03:30","00:09","https://www.codesprint.com.br/?utm_medium=paid&utm_source=ig&utm_id=120238210664700008&utm_content=120238210665180008&utm_term=120238210664950008&utm_campaign=120238210664700008&fbclid=PAZXh0bgNhZW0BMABhZGlkAassA_u0H-hzcnRjBmFwcF9pZA81NjcwNjczNDMzNTI0MjcAAaf_vcZqzkoaJfAp3eyLZvbgmec1CKDOIm4RKf5Ftm6Yw7yjTDfz0xgBb92EBg_aem_-wlNem3tAtRhWvBV0l1esw","https://www.codesprint.com.br/?utm_medium=paid&utm_source=ig&utm_id=120238210664700008&utm_content=120238210665180008&utm_term=120238210664950008&utm_campaign=120238210664700008&fbclid=PAZXh0bgNhZW0BMABhZGlkAassA_u0H-hzcnRjBmFwcF9pZA81NjcwNjczNDMzNTI0MjcAAaf_vcZqzkoaJfAp3eyLZvbgmec1CKDOIm4RKf5Ftm6Yw7yjTDfz0xgBb92EBg_aem_-wlNem3tAtRhWvBV0l1esw","http://instagram.com/","as277a","InstagramApp","Mobile","Android","Brazil","2","0","FALSE","https://clarity.microsoft.com/player/v144xksgk2/as277a/gg8152/?ss=1768372258000&sd=9"
"01/14/2026","03:30","00:01","https://www.codesprint.com.br/?utm_medium=paid&utm_source=ig&utm_id=120238210664700008&utm_content=120238210665180008&utm_term=120238210664950008&utm_campaign=120238210664700008&fbclid=PAZXh0bgNhZW0BMABhZGlkAassA_u0H-hzcnRjBmFwcF9pZA81NjcwNjczNDMzNTI0MjcAAac3kns62dfMLBZSSPwy-8S2YVmLnj2m8iDcWxDe5vrpvqLRxR7_pQLKSeSXQw_aem_0wOUt1hyP1Q_SScYLhjq4Q","https://www.codesprint.com.br/?utm_medium=paid&utm_source=ig&utm_id=120238210664700008&utm_content=120238210665180008&utm_term=120238210664950008&utm_campaign=120238210664700008&fbclid=PAZXh0bgNhZW0BMABhZGlkAassA_u0H-hzcnRjBmFwcF9pZA81NjcwNjczNDMzNTI0MjcAAac3kns62dfMLBZSSPwy-8S2YVmLnj2m8iDcWxDe5vrpvqLRxR7_pQLKSeSXQw_aem_0wOUt1hyP1Q_SScYLhjq4Q","http://instagram.com/","5binbd","InstagramApp","Mobile","Android","Brazil","1","0","FALSE","https://clarity.microsoft.com/player/v144xksgk2/5binbd/1pqqgix/?ss=1768372210000&sd=1"
